-- MariaDB dump 10.17  Distrib 10.4.12-MariaDB, for osx10.15 (x86_64)
--
-- Host: 127.0.0.1    Database: e_learning
-- ------------------------------------------------------
-- Server version	10.4.12-MariaDB

/*!40101 SET @OLD_CHARACTER_SET_CLIENT=@@CHARACTER_SET_CLIENT */;
/*!40101 SET @OLD_CHARACTER_SET_RESULTS=@@CHARACTER_SET_RESULTS */;
/*!40101 SET @OLD_COLLATION_CONNECTION=@@COLLATION_CONNECTION */;
/*!40101 SET NAMES utf8 */;
/*!40103 SET @OLD_TIME_ZONE=@@TIME_ZONE */;
/*!40103 SET TIME_ZONE='+00:00' */;
/*!40014 SET @OLD_UNIQUE_CHECKS=@@UNIQUE_CHECKS, UNIQUE_CHECKS=0 */;
/*!40014 SET @OLD_FOREIGN_KEY_CHECKS=@@FOREIGN_KEY_CHECKS, FOREIGN_KEY_CHECKS=0 */;
/*!40101 SET @OLD_SQL_MODE=@@SQL_MODE, SQL_MODE='NO_AUTO_VALUE_ON_ZERO' */;
/*!40111 SET @OLD_SQL_NOTES=@@SQL_NOTES, SQL_NOTES=0 */;

--
-- Table structure for table `courses`
--

DROP TABLE IF EXISTS `courses`;
/*!40101 SET @saved_cs_client     = @@character_set_client */;
/*!40101 SET character_set_client = utf8 */;
CREATE TABLE `courses` (
  `id` bigint(20) unsigned NOT NULL AUTO_INCREMENT,
  `title` varchar(255) COLLATE utf8mb4_unicode_ci NOT NULL,
  `description` varchar(255) COLLATE utf8mb4_unicode_ci NOT NULL DEFAULT '',
  `content` text COLLATE utf8mb4_unicode_ci NOT NULL,
  `status` tinyint(4) DEFAULT 1,
  `created_at` timestamp NULL DEFAULT NULL,
  `updated_at` timestamp NULL DEFAULT NULL,
  `deleted_at` timestamp NULL DEFAULT NULL,
  PRIMARY KEY (`id`)
) ENGINE=InnoDB AUTO_INCREMENT=5 DEFAULT CHARSET=utf8mb4 COLLATE=utf8mb4_unicode_ci;
/*!40101 SET character_set_client = @saved_cs_client */;

--
-- Dumping data for table `courses`
--

LOCK TABLES `courses` WRITE;
/*!40000 ALTER TABLE `courses` DISABLE KEYS */;
INSERT INTO `courses` VALUES (1,'Sistem Pendukung Keputusan','Memahami proses/ tahapan pembuatan keputusan serta teknologi yang mendukung manajemen organisasi dalam pengambilan keputusan','',0,'2020-06-04 06:34:42','2020-06-04 06:36:32','2020-06-04 06:36:32'),(2,'Sistem Pendukung Keputusan I','Memahami proses/ tahapan pembuatan keputusan serta teknologi yang mendukung manajemen organisasi dalam pengambilan keputusan','<p>Sistem pendukung keputusan (Inggris: decision support systems disingkat DSS) adalah bagian dari sistem informasi berbasis komputer (termasuk sistem berbasis pengetahuan (manajemen pengetahuan)) yang dipakai untuk mendukung pengambilan keputusan dalam suatu organisasi atau perusahaan. Dapat juga dikatakan sebagai sistem komputer yang mengolah data menjadi informasi untuk mengambil keputusan dari masalah semi-terstruktur yang spesifik.</p><p></p><p>Menurut Moore and Chang, SPK dapat digambarkan sebagai sistem yang berkemampuan mendukung analisis ad hoc data, dan pemodelan keputusan, berorientasi keputusan, orientasi perencanaan masa depan, dan digunakan pada saat-saat tidak biasa.</p><p></p><p><strong>Tahapan SPK:</strong></p><ol><li><p>Definisi masalah</p></li><li><p>Pengumpulan data atau elemen informasi yang relevan</p></li><li><p>Pengolahan data menjadi informasi baik dalam bentuk laporan grafik maupun tulisan</p></li><li><p>menentukan alternatif-alternatif solusi (bisa dalam persentase)</p></li></ol><p><strong>Tujuan dari SPK:</strong></p><ol><li><p>Membantu menyelesaikan masalah semi-terstruktur</p></li><li><p>Mendukung manajer dalam mengambil keputusan suatu masalah</p></li><li><p>Meningkatkan efektivitas bukan efisiensi pengambilan keputusan</p></li></ol><p>Dalam pemrosesannya, SPK dapat menggunakan bantuan dari sistem lain seperti Artificial Intelligence, Expert Systems, Fuzzy Logic, dll.</p>',1,'2020-06-04 06:37:10','2020-06-04 23:08:01',NULL),(3,'Dasar-dasar perancangan web','Perancangan web (web design) adalah istilah umum yang digunakan untuk mencakup bagaimana isi web konten ditampilkan atau perangkat lunak berbasis web.','<p>Perancangan web&nbsp;(web design) adalah istilah umum yang digunakan untuk mencakup bagaimana isi web&nbsp;konten&nbsp;ditampilkan, (biasanya berupa&nbsp;hypertext&nbsp;atau&nbsp;hypermedia) yang dikirimkan ke pengguna akhir melalui&nbsp;World Wide Web, dengan menggunakan sebuah&nbsp;browser web&nbsp;atau perangkat lunak berbasis web. Tujuan dari web design adalah untuk membuat&nbsp;website—sekumpulan konten&nbsp;online&nbsp;termasuk dokumen dan&nbsp;aplikasi&nbsp;yang berada pada&nbsp;server web&nbsp;/&nbsp;server. Sebuah website dapat berupa sekumpulan teks, gambar, suara dan konten lainnya, serta dapat bersifat interaktif ataupun statis.</p>',1,'2020-06-04 16:31:59','2020-06-04 23:09:12',NULL),(4,'Course Name','Course Description','<p>Content</p>',0,'2020-06-06 00:28:14','2020-08-14 22:22:43','2020-08-14 22:22:43');
/*!40000 ALTER TABLE `courses` ENABLE KEYS */;
UNLOCK TABLES;

--
-- Table structure for table `migrations`
--

DROP TABLE IF EXISTS `migrations`;
/*!40101 SET @saved_cs_client     = @@character_set_client */;
/*!40101 SET character_set_client = utf8 */;
CREATE TABLE `migrations` (
  `id` int(10) unsigned NOT NULL AUTO_INCREMENT,
  `migration` varchar(255) COLLATE utf8mb4_unicode_ci NOT NULL,
  `batch` int(11) NOT NULL,
  PRIMARY KEY (`id`)
) ENGINE=InnoDB AUTO_INCREMENT=12 DEFAULT CHARSET=utf8mb4 COLLATE=utf8mb4_unicode_ci;
/*!40101 SET character_set_client = @saved_cs_client */;

--
-- Dumping data for table `migrations`
--

LOCK TABLES `migrations` WRITE;
/*!40000 ALTER TABLE `migrations` DISABLE KEYS */;
INSERT INTO `migrations` VALUES (1,'2020_03_27_145510_create_users_table',1),(2,'2020_03_27_145515_create_password_resets_table',1),(3,'2020_03_27_145520_create_courses_table',1),(4,'2020_03_27_145523_create_module_table',1),(5,'2020_03_27_145525_create_module_lesson_table',1),(6,'2020_03_27_145526_create_module_quiz_table',1),(7,'2020_03_27_145528_create_module_quiz_question_table',1),(8,'2020_03_27_145530_create_user_courses_table',1),(9,'2020_03_27_145742_create_module_quiz_choices_table',1),(10,'2020_04_10_143528_create_user_course_quiz_table',1),(11,'2020_04_10_180425_create_user_course_module',1);
/*!40000 ALTER TABLE `migrations` ENABLE KEYS */;
UNLOCK TABLES;

--
-- Table structure for table `module_lessons`
--

DROP TABLE IF EXISTS `module_lessons`;
/*!40101 SET @saved_cs_client     = @@character_set_client */;
/*!40101 SET character_set_client = utf8 */;
CREATE TABLE `module_lessons` (
  `id` bigint(20) unsigned NOT NULL AUTO_INCREMENT,
  `module_id` bigint(20) unsigned NOT NULL,
  `title` varchar(255) COLLATE utf8mb4_unicode_ci NOT NULL,
  `description` varchar(255) COLLATE utf8mb4_unicode_ci DEFAULT '',
  `content` text COLLATE utf8mb4_unicode_ci NOT NULL,
  `status` tinyint(4) DEFAULT 1,
  `created_at` timestamp NULL DEFAULT NULL,
  `updated_at` timestamp NULL DEFAULT NULL,
  `deleted_at` timestamp NULL DEFAULT NULL,
  PRIMARY KEY (`id`),
  KEY `module_lessons_module_id_foreign` (`module_id`),
  CONSTRAINT `module_lessons_module_id_foreign` FOREIGN KEY (`module_id`) REFERENCES `modules` (`id`)
) ENGINE=InnoDB AUTO_INCREMENT=25 DEFAULT CHARSET=utf8mb4 COLLATE=utf8mb4_unicode_ci;
/*!40101 SET character_set_client = @saved_cs_client */;

--
-- Dumping data for table `module_lessons`
--

LOCK TABLES `module_lessons` WRITE;
/*!40000 ALTER TABLE `module_lessons` DISABLE KEYS */;
INSERT INTO `module_lessons` VALUES (1,1,'Pembuatan Keputusan dalam Proses Manajemen','Melalui organisasi kerjasama, dan koordinasi secara komprehensif dapat diwujudkan, dan pemanfaatan sumber-sumber daya yang diperlukan dapat pula dikelola lebih efisien dan efektif. Karena itu organisasi merupakan kebutuhan dalam kehidupan manusia dalam me','<p>Organisasi secara teoritik dapat dilihat dari berbagai segi. Salah satu sudut pandang yang tepat adalah bahwa organisasi itu merupakan suata sistem sosial yangsangat diperlukan oleh manusia terutama dalam abad ini untuk mengatasi berbagai permasalahan, dan untuk mewujudkan berbagai aspirasi dalam kehidupan bermasyarakat dan bernegara .Melalui organisasi kerjasama, dan koordinasi secara komprehensif dapat diwujudkan, dan pemanfaatan sumber-sumber daya yang diperlukan dapat pula dikelola lebih efisien dan efektif. Karena itu organisasi merupakan kebutuhan dalam kehidupan manusia dalam mewujudkan tujuan hidupnya.</p><p>&nbsp;</p><p>Manajemen merupakan bagian integral dari organisasi. Manejemen adalah proses fungsional yang menggerakan organisasi. Dalam manajemen terdapat distribusi fungsi dan tugas, pengaturan wewenang dan tanggung jawab, pemimpin dan yang dipimpin, yang secara fungsional berfungsi untuk menggerakan organisasi sebagai suatu sistem dalam upaya mewujudkan tujuan yang akan dicapai. Manajemen adalah&nbsp; ’’soul’’&nbsp; organisasi. Dalam konteks organisasi dan manajemen terdapat pembuatan keputusan.</p><p>&nbsp;</p><p>Para ahli mengemukakan bawa pembuatan keputusan adalah langkah awal suatu kegiatan.&nbsp; Tanpa keputusan, tidak akan ada kegiatan, dan tanpa kegiatan tidak ada kehidupan dalam organisasi, dan bila tidak ada kehidupan maka organisasi itu mati. Ini mengandung arti bahwa pembuatan keputusan adalah fungsi utama manajemen yang perlu dilaksanakan oleh pemimpin dalam organisasi itu.&nbsp; Karena keputusan itu pangkal suatu kegiatan yang akan mempengaruhi gerak langkah seluruh anggota untuk menghadapi berbagai tugas, maka proses pembuatan keputusan tidak hanya berperan sebagai fungsi pemimpin tapi juga mengkait kepentingan anggota dan kepentingan seluruh organisasi.&nbsp; Dalam sudut pandang ini beberapa ahli mencoba mengembangkan berbagai teori pembuatan keputusan sehingga fungsi manajemen dalam organisasi dapat diwujudkan lebih sempurna.&nbsp; Teori pembuatan keputusan ini ada yang dikaitkan dengan teori kepemimpinan seperti teori kepemimpinan Situasional,&nbsp; teori kepemimpinan Managerial Grid dan teori Contingency Model.</p><p>&nbsp;</p><p>Teori kepemimpinan itu melahirkan suatu pendekatan atau styles kepemimpinan yang mencoba menjabarkan kepentingan anggota dalam proses pembuatan keputusan sehingga keputusan yang dihasilkan oleh anggota dengan optimal.</p><p>&nbsp;</p><p>Karena berbagai faktor yang inherent pada anggota dan pada kondisi organisasi,seperti masalah kematangan, kemanusiaan dan pertimbangan efisiensi dan efektivitas pelaksanaan tugas, maka kepentingan anggota atau needs dijabarkan dalam bentuk partisipasi dalam berbagai jenis serta tingkat hingga pembuatan keputusan itu efektif baik dalam&nbsp; arti perumusan keputusan maupun implementasi keputusan tersebut. Melalui teori kepemimpinan, proses pembuatan keputusan dapat dijabarkan dalam perilaku kepemimpinan dan peran anggota dalam proses interaksi perilaku anggota dan perilaku pemimpin dalam proses manajemen.</p>',1,'2020-06-04 07:07:07','2020-06-04 22:54:48',NULL),(2,1,'Pembuatan Keputusan, Perencanaan dan Kebijakan','Kebijakan dapat berfungsi sebagai strategi untuk melaksanakan perencanaan atau bahkan untuk melaksanakan suatu keputusan tertentu.  Kebijakan memiliki ciri sebagai arahan atau pedoman bagi bawahan dalam melaksanakan suatu tugas.  kebijakan dapat bersifat ','<p>Pembuatan keputusan, perencanaan dan kebijakan mengandung makna yang saling berkaitan yang secara fungsional dan kontekstual mengandung perbedaan-perbedaan. Pembuatan keputusan ini adalah perumusan fikiran, gagasan aspirasi, dan kebutuhan yang disusun secara sistematik rasional yang dapat dijadikan pegangan atau pedoman bagi organisasi dan para anggotanya dalam melakukan kegiatan-kegiatan. Perencanaan adalah proses pembuatan keputusan yang merupakan pedoman untuk kegiatan perekayasaan masa depan. Kebijakan adalah serangkaian keputusan mendasar dan umum untuk memecahkan berbagai permasalahan organisasi. Kebijakan dapat berfungsi sebagai strategi untuk melaksanakan perencanaan atau bahkan untuk melaksanakan suatu keputusan tertentu.&nbsp; Kebijakan memiliki ciri sebagai arahan atau pedoman bagi bawahan dalam melaksanakan suatu tugas.&nbsp; kebijakan dapat bersifat makro, meso dan mikro.</p><p>&nbsp;</p><p>Dalam rumusan di atas perencanaan dan kebijakan bertitik tolak dari keputusan. Bahkan perencanaan merupakan bentuk keputusan dan kebijakan merupakan bentuk keputusan umum yang mendasar. Dalam pertumbuhan selanjutnya ketiga konsep tersebut diterapkan untuk tujuan, kepentingan dan konteks yang berbeda. Pembuatan keputusan lebih diarahkan kepada fungsi kepemimpinan dalam proses manajemen.&nbsp; Perencanaan diarahkan sebagai alat rekayasa untuk menjangkau masa depan yang lebih jauh dan menyeluruh. Sedangkan kebijakan berfungsi sebagai garis-garis besar keputusan yang diambil oleh decision makers untuk memberikan arah dan panduan kepada seluruh anggota untuk bertindak dan berpartisipasi dalam setiap upaya pemecahan permasalahan.</p>',1,'2020-06-04 07:08:10','2020-06-04 22:55:00',NULL),(3,1,'Prinsip dan Proses Pembuatan Keputusan','Pembuatan keputusan mengenal berbagai prinsip dasar sehingga baik dalam tahapan perumusan maupun implementasinya pembuatan keputusan tersebut memenuhi syarat sebagai alat manajemen yang dapat memberikan panduan bagi anggota dalam bertindak dan berprilaku.','<p>Pembuatan keputusan mengenal berbagai prinsip dasar sehingga baik dalam tahapan perumusan maupun implementasinya pembuatan keputusan tersebut memenuhi syarat sebagai alat manajemen yang dapat memberikan panduan bagi anggota dalam bertindak dan berprilaku.&nbsp; Adapun Prinsip-Prinsip tersebut adalah sebagai berikut:</p><p>&nbsp;</p><p>1.&nbsp;&nbsp;&nbsp; Keputusan pada dasarnya ditujukan untuk memecahkan masalah, karena itu setiap alternatif solusi hendaknya tepat untuk masalah yang dituju.</p><p>2.&nbsp;&nbsp;&nbsp; Setiap keputusan hendaknya merupakan alternatif terbaik dengan resiko yang amat minimal.</p><p>3.&nbsp;&nbsp;&nbsp; Keputusan hendaknya sudah mempertimbangkan lingkup dan resiko secara sistematik dan sistemik.</p><p>4.&nbsp;&nbsp;&nbsp; Keputusan hendaknya tidak berada diluar zona of acceptance manusia.</p><p>5.&nbsp;&nbsp;&nbsp; Keputusan yang efektif adalah keputusan yang dapat dilaksanakan.</p><p>6.&nbsp;&nbsp;&nbsp; Keputusan hendaknya memecahkan masalah yang generik bukan masalah yang oprasional teknis.</p><p>7.&nbsp;&nbsp;&nbsp; Pembuatan Keputusan terdiri dari tahap perumusan keputusan dan implementasi keputusan.</p><p>8.&nbsp;&nbsp;&nbsp; Pembuatan keputusan hendaknya menghasilkan suatu hasil yang dapat diukur.</p><p>9.&nbsp;&nbsp;&nbsp; keputusan tidak selalu harus dimulai dari data, tapi dari judgement.</p><p>&nbsp;</p><p>Keseluruhan prinsip diatas dapat dijadikan dasar dalam setiap pembuatan keputusan.</p><p>&nbsp;</p><p>Dengan menerapkan prinsip tersebut pembuat keputusan dapat terhindar dari berbagai kesalahan dalam menggunakan pembuatan keputusan. Ini mengandung arti bahwa kekacauan manajemen yang acap kali disebabkan oleh pembuatan keputusan yang tidak didasarkan kepada prinsip yang tepat dapat dihindari.</p><p>&nbsp;</p><p>Proses pembuatan keputusan terdiri dari dua tahapan yaitu: tahapan perumusan keputusan dan tahapan implementasi keputusan. Setiap tahapan terdiri dari berbagai langkah atau kegiatan yang secara sistematik dan runtun perlu diikuti oleh setiap pembuat keputusan. Keseluruhan rincian tahapan dan kegiatan pembuatan keputusan tersebut tercantum di bawah ini.</p>',1,'2020-06-04 07:08:51','2020-06-04 22:55:12',NULL),(4,2,'Identifikasi Masalah','Keputusan diperlukan untuk memecahkan masalah-masalah. Langkah pertama yang harus dilakukan oleh pembuat keputusan adalah masalah-masalah apa saja yang harus diputuskan.','<p>Keputusan diperlukan untuk memecahkan masalah-masalah. Langkah pertama yang harus dilakukan oleh pembuat keputusan adalah masalah-masalah apa saja yang harus diputuskan. Menurut Peter Drucker, seorang eksekutif yangefektif tidak membuat keputusan untuk setiap masalah.</p><p></p><p>Masalah yang harus mendapat perhatian adalah masalah-masalah mendasar yang mempunyai dampak luas dan menyeluruh bagi anggota dan bagi organisasi.&nbsp; Masalah-masalah ini disebut dengan “generic problems”.&nbsp; Masalah biasa tidak perlu diputuskan oleh eksekutif, tapi cukup oleh pimpinan tingkat yang lebih rendah berdasarkan aturan organisasi yang berlaku. Identifikasi masalah generik ini tidak perlu ditunjang oleh data yang lengkap, sebab bila data yang lengkap harus terkumpul dahulu, maka tidak akan ada suatu keputusan. Keputusan dapat dimulai dari judgment rasional dari seorang pemimpin.</p>',1,'2020-06-04 07:25:35','2020-06-04 22:55:26',NULL),(5,2,'Perumusan Tujuan','Kejelasan tujuan ini diperlukan sebagai pedoman untuk menentukan pilihan-pilihan keputusan yang paling tepat untuk suatu masalah.','<p>Apakah yang harus dicapai melalui pemecahan&nbsp; suatu&nbsp; masalah? Asumsi dasar untuk setiap keputusan adalah bahwa suatu keputusan dibuat oleh seorang pemimpin untuk mencapai tujuan tertentu.&nbsp; Ini berarti tidak hanya masalah yang dipecahkan saja yang perlu jelas, tapi juga tujuan yang akan dicapainya harus labih jelas lagi. Kejelasan tujuan ini diperlukan sebagai pedoman untuk menentukan pilihan-pilihan keputusan yang paling tepat untuk suatu masalah. Keberhasilan suatu keputusan ditentukan oleh “apakah tujuan yang sudah ditetapkan itu akhirnya dapat dicapai atau tidak”. Tujuan untuk masalah-masalah yang generik harus dirumuskan secara umum dan mendasar, yang kemudian diterjemahkan kedalam tujuan-tijuan yang lebih operasional yang disebut dengan objektif. Setiap objektif perlu pula dijabarkan kedalam target-target baik yang bersifat kuantitatif maupun kualitatif. Suatu “decision tree” perlu dikembangkan sehingga jangkauan dampak dan lingkup suatu keputusan dapat diketahui dengan jelas.</p>',1,'2020-06-04 07:26:23','2020-06-04 22:55:44',NULL),(6,2,'Identifikasi Alternatif Solusi','Alternatif-alternatif ini diperlukan untuk sampai kepada pilihan keputusan yang tepat dengan resiko yang sangat minimal. Identifikasi alternatif solusi ini ditentukan oleh ...','<p>Apakah yang harus dicapai melalui pemecahan&nbsp; suatu&nbsp; masalah? Asumsi dasar untuk setiap keputusan adalah bahwa suatu keputusan dibuat oleh seorang pemimpin untuk mencapai tujuan tertentu.&nbsp; Ini berarti tidak hanya masalah yang dipecahkan saja yang perlu jelas, tapi juga tujuan yang akan dicapainya harus labih jelas lagi. Kejelasan tujuan ini diperlukan sebagai pedoman untuk menentukan pilihan-pilihan keputusan yang paling tepat untuk suatu masalah. Keberhasilan suatu keputusan ditentukan oleh “apakah tujuan yang sudah ditetapkan itu akhirnya dapat dicapai atau tidak”. Tujuan untuk masalah-masalah yang generik harus dirumuskan secara umum dan mendasar, yang kemudian diterjemahkan kedalam tujuan-tijuan yang lebih operasional yang disebut dengan objektif. Setiap objektif perlu pula dijabarkan kedalam target-target baik yang bersifat kuantitatif maupun kualitatif. Suatu “decision tree” perlu dikembangkan sehingga jangkauan dampak dan lingkup suatu keputusan dapat diketahui dengan jelas.</p>',1,'2020-06-04 07:27:04','2020-06-04 22:56:07',NULL),(7,2,'Penentuan Kriteria Pemilihan Alternatif Solusi','Suatu alternatif pemecahan sangat sulit dikembangkan secara pasti, karena sangat bergantung kepada kondisi dan visi pembuat dan pelaksana keputusan untuk mencapai tujuan yang telah ditentukan.','<p>Suatu alternatif pemecahan sangat sulit dikembangkan secara pasti, karena sangat bergantung kepada kondisi dan visi pembuat dan pelaksana keputusan untuk mencapai tujuan yang telah ditentukan. Namun demikian kriteria umum dapat diungkap seperti dibawah ini:</p><p></p><p>a.&nbsp;&nbsp;&nbsp; Alternatif solusi itu harus tepat untuk mencapai tujuan yang telah ditentukan</p><p>b.&nbsp;&nbsp;&nbsp; Altertnatif solusi itu harus jelas dampak, resiko dan peluang yang mungkin diciptakan</p><p>c.&nbsp;&nbsp;&nbsp;&nbsp; Alternatif solusi itu harus feasible untuk dilaksanakan</p><p>d.&nbsp;&nbsp;&nbsp; Alternatif solusi itu harus tidak bertentangan dengan nilai, etika, moral yang dipegang oleh anggota organisasi dan oleh organisasi.</p><p>e.&nbsp;&nbsp;&nbsp; Alternatif solusi itu harus membawa perubahan bagi organisasi menuju yang lebih baik dari keadaan sekarang.</p><p></p><p>Secara operasional akhirnya kriteria ini sangat ditentukan oleh pembuat keputusan. Alternatif solusi yang dipilih mungkin mempunyai resiko tinggi dan sulit dilaksanakan, tapi dapat membawa perubahan yang diinginkan. Dalam manajemen acapkali ditemukan suatu alternatif solusi yang sangat mahal yang harus diambil untuk suatu hasil yang mempunyai nilai sangat tinggi.</p>',1,'2020-06-04 07:27:39','2020-06-04 22:56:24',NULL),(8,2,'Penentuan Pilihan Alternatif Solusi (Keputusan)','Penentuan pilihan solusi atau keputusan ini dalam tahapan pembuatan keputusan merupakan tahapan yang sangat kritis dan sangat menentukan.','<p>Suatu alternatif pemecahan sangat sulit dikembangkan secara pasti, karena sangat bergantung kepada kondisi dan visi pembuat dan pelaksana keputusan untuk mencapai tujuan yang telah ditentukan. Namun demikian kriteria umum dapat diungkap seperti dibawah ini:</p><p></p><p>a.&nbsp;&nbsp;&nbsp; Alternatif solusi itu harus tepat untuk mencapai tujuan yang telah ditentukan</p><p>b.&nbsp;&nbsp;&nbsp; Altertnatif solusi itu harus jelas dampak, resiko dan peluang yang mungkin diciptakan</p><p>c.&nbsp;&nbsp;&nbsp;&nbsp; Alternatif solusi itu harus feasible untuk dilaksanakan</p><p>d.&nbsp;&nbsp;&nbsp; Alternatif solusi itu harus tidak bertentangan dengan nilai, etika, moral yang dipegang oleh anggota organisasi dan oleh organisasi.</p><p>e.&nbsp;&nbsp;&nbsp; Alternatif solusi itu harus membawa perubahan bagi organisasi menuju yang lebih baik dari keadaan sekarang.</p><p></p><p>Secara operasional akhirnya kriteria ini sangat ditentukan oleh pembuat keputusan. Alternatif solusi yang dipilih mungkin mempunyai resiko tinggi dan sulit dilaksanakan, tapi dapat membawa perubahan yang diinginkan. Dalam manajemen acapkali ditemukan suatu alternatif solusi yang sangat mahal yang harus diambil untuk suatu hasil yang mempunyai nilai sangat tinggi.</p>',1,'2020-06-04 07:28:13','2020-06-04 22:56:36',NULL),(9,3,'Legalisasi Keputusan','Langkah ini diperlukan dalam suatu proses pembuatan keputusan sebagai suatu cara untuk memperoleh keabsahan dan komitmen serta dasar hokum dari suatu keputusan sehingga seluruh anggota.','<p>Suatu alternatif pemecahan sangat sulit dikembangkan secara pasti, karena sangat bergantung kepada kondisi dan visi pembuat dan pelaksana keputusan untuk mencapai tujuan yang telah ditentukan. Namun demikian kriteria umum dapat diungkap seperti dibawah ini:</p><p></p><p>a.&nbsp;&nbsp;&nbsp; Alternatif solusi itu harus tepat untuk mencapai tujuan yang telah ditentukan</p><p>b.&nbsp;&nbsp;&nbsp; Altertnatif solusi itu harus jelas dampak, resiko dan peluang yang mungkin diciptakan</p><p>c.&nbsp;&nbsp;&nbsp;&nbsp; Alternatif solusi itu harus feasible untuk dilaksanakan</p><p>d.&nbsp;&nbsp;&nbsp; Alternatif solusi itu harus tidak bertentangan dengan nilai, etika, moral yang dipegang oleh anggota organisasi dan oleh organisasi.</p><p>e.&nbsp;&nbsp;&nbsp; Alternatif solusi itu harus membawa perubahan bagi organisasi menuju yang lebih baik dari keadaan sekarang.</p><p></p><p>Secara operasional akhirnya kriteria ini sangat ditentukan oleh pembuat keputusan. Alternatif solusi yang dipilih mungkin mempunyai resiko tinggi dan sulit dilaksanakan, tapi dapat membawa perubahan yang diinginkan. Dalam manajemen acapkali ditemukan suatu alternatif solusi yang sangat mahal yang harus diambil untuk suatu hasil yang mempunyai nilai sangat tinggi.</p>',1,'2020-06-04 08:08:21','2020-06-04 22:56:51',NULL),(10,3,'Plan of actions','Atas dasar keputusan formal organisasi yang secara hukum memperoleh kekuatan, maka rancangan oprasional atau plan of action dapat disusun.','<p>Suatu alternatif pemecahan sangat sulit dikembangkan secara pasti, karena sangat bergantung kepada kondisi dan visi pembuat dan pelaksana keputusan untuk mencapai tujuan yang telah ditentukan. Namun demikian kriteria umum dapat diungkap seperti dibawah ini:</p><p></p><p>a.&nbsp;&nbsp;&nbsp; Alternatif solusi itu harus tepat untuk mencapai tujuan yang telah ditentukan</p><p>b.&nbsp;&nbsp;&nbsp; Altertnatif solusi itu harus jelas dampak, resiko dan peluang yang mungkin diciptakan</p><p>c.&nbsp;&nbsp;&nbsp;&nbsp; Alternatif solusi itu harus feasible untuk dilaksanakan</p><p>d.&nbsp;&nbsp;&nbsp; Alternatif solusi itu harus tidak bertentangan dengan nilai, etika, moral yang dipegang oleh anggota organisasi dan oleh organisasi.</p><p>e.&nbsp;&nbsp;&nbsp; Alternatif solusi itu harus membawa perubahan bagi organisasi menuju yang lebih baik dari keadaan sekarang.</p><p></p><p>Secara operasional akhirnya kriteria ini sangat ditentukan oleh pembuat keputusan. Alternatif solusi yang dipilih mungkin mempunyai resiko tinggi dan sulit dilaksanakan, tapi dapat membawa perubahan yang diinginkan. Dalam manajemen acapkali ditemukan suatu alternatif solusi yang sangat mahal yang harus diambil untuk suatu hasil yang mempunyai nilai sangat tinggi.</p>',1,'2020-06-04 08:08:46','2020-06-04 22:57:00',NULL),(11,3,'Sosialisasi dan Komunikasi','Langkah ini dipandang strategis untuk memasyarakatkan keputusan agar setiap orang memahami dalam rangka memenangkan dukungan untuk upaya yang mengandung pembaharuan.','<p>Suatu alternatif pemecahan sangat sulit dikembangkan secara pasti, karena sangat bergantung kepada kondisi dan visi pembuat dan pelaksana keputusan untuk mencapai tujuan yang telah ditentukan. Namun demikian kriteria umum dapat diungkap seperti dibawah ini:</p><p></p><p>a.&nbsp;&nbsp;&nbsp; Alternatif solusi itu harus tepat untuk mencapai tujuan yang telah ditentukan</p><p>b.&nbsp;&nbsp;&nbsp; Altertnatif solusi itu harus jelas dampak, resiko dan peluang yang mungkin diciptakan</p><p>c.&nbsp;&nbsp;&nbsp;&nbsp; Alternatif solusi itu harus feasible untuk dilaksanakan</p><p>d.&nbsp;&nbsp;&nbsp; Alternatif solusi itu harus tidak bertentangan dengan nilai, etika, moral yang dipegang oleh anggota organisasi dan oleh organisasi.</p><p>e.&nbsp;&nbsp;&nbsp; Alternatif solusi itu harus membawa perubahan bagi organisasi menuju yang lebih baik dari keadaan sekarang.</p><p></p><p>Secara operasional akhirnya kriteria ini sangat ditentukan oleh pembuat keputusan. Alternatif solusi yang dipilih mungkin mempunyai resiko tinggi dan sulit dilaksanakan, tapi dapat membawa perubahan yang diinginkan. Dalam manajemen acapkali ditemukan suatu alternatif solusi yang sangat mahal yang harus diambil untuk suatu hasil yang mempunyai nilai sangat tinggi.</p>',1,'2020-06-04 08:09:13','2020-06-04 22:57:09',NULL),(12,3,'Action','Tahapan ini merupakan titik tumpu untuk keberhasilan tahapan implementasi keputusan. Tahapan action ini merupakan ”putting thing into practice”.','<p>Suatu alternatif pemecahan sangat sulit dikembangkan secara pasti, karena sangat bergantung kepada kondisi dan visi pembuat dan pelaksana keputusan untuk mencapai tujuan yang telah ditentukan. Namun demikian kriteria umum dapat diungkap seperti dibawah ini:</p><p></p><p>a.&nbsp;&nbsp;&nbsp; Alternatif solusi itu harus tepat untuk mencapai tujuan yang telah ditentukan</p><p>b.&nbsp;&nbsp;&nbsp; Altertnatif solusi itu harus jelas dampak, resiko dan peluang yang mungkin diciptakan</p><p>c.&nbsp;&nbsp;&nbsp;&nbsp; Alternatif solusi itu harus feasible untuk dilaksanakan</p><p>d.&nbsp;&nbsp;&nbsp; Alternatif solusi itu harus tidak bertentangan dengan nilai, etika, moral yang dipegang oleh anggota organisasi dan oleh organisasi.</p><p>e.&nbsp;&nbsp;&nbsp; Alternatif solusi itu harus membawa perubahan bagi organisasi menuju yang lebih baik dari keadaan sekarang.</p><p></p><p>Secara operasional akhirnya kriteria ini sangat ditentukan oleh pembuat keputusan. Alternatif solusi yang dipilih mungkin mempunyai resiko tinggi dan sulit dilaksanakan, tapi dapat membawa perubahan yang diinginkan. Dalam manajemen acapkali ditemukan suatu alternatif solusi yang sangat mahal yang harus diambil untuk suatu hasil yang mempunyai nilai sangat tinggi.</p>',1,'2020-06-04 08:09:38','2020-06-04 22:57:19',NULL),(13,3,'Pengawasan','Pengawasan adalah salah satu unsur yang dapat dimanfaatkan untuk membantu kelancaran implementasi. Pengawasan ini mencakup pemantauan atau monitoring.','<p>Suatu alternatif pemecahan sangat sulit dikembangkan secara pasti, karena sangat bergantung kepada kondisi dan visi pembuat dan pelaksana keputusan untuk mencapai tujuan yang telah ditentukan. Namun demikian kriteria umum dapat diungkap seperti dibawah ini:</p><p></p><p>a.&nbsp;&nbsp;&nbsp; Alternatif solusi itu harus tepat untuk mencapai tujuan yang telah ditentukan</p><p>b.&nbsp;&nbsp;&nbsp; Altertnatif solusi itu harus jelas dampak, resiko dan peluang yang mungkin diciptakan</p><p>c.&nbsp;&nbsp;&nbsp;&nbsp; Alternatif solusi itu harus feasible untuk dilaksanakan</p><p>d.&nbsp;&nbsp;&nbsp; Alternatif solusi itu harus tidak bertentangan dengan nilai, etika, moral yang dipegang oleh anggota organisasi dan oleh organisasi.</p><p>e.&nbsp;&nbsp;&nbsp; Alternatif solusi itu harus membawa perubahan bagi organisasi menuju yang lebih baik dari keadaan sekarang.</p><p></p><p>Secara operasional akhirnya kriteria ini sangat ditentukan oleh pembuat keputusan. Alternatif solusi yang dipilih mungkin mempunyai resiko tinggi dan sulit dilaksanakan, tapi dapat membawa perubahan yang diinginkan. Dalam manajemen acapkali ditemukan suatu alternatif solusi yang sangat mahal yang harus diambil untuk suatu hasil yang mempunyai nilai sangat tinggi.</p>',1,'2020-06-04 08:10:04','2020-06-04 22:57:29',NULL),(14,3,'Review dan Evaluasi','Review adalah kaji ulang setiap langkah dan tahapan yang telah dilaksanakan sedangkan evaluasi adalah proses penilaian untuk mengetahui tingkat efisiensi dan efektivitas manajemen dalam rangka melaksanakan keputusan.','<p>Suatu alternatif pemecahan sangat sulit dikembangkan secara pasti, karena sangat bergantung kepada kondisi dan visi pembuat dan pelaksana keputusan untuk mencapai tujuan yang telah ditentukan. Namun demikian kriteria umum dapat diungkap seperti dibawah ini:</p><p></p><p>a.&nbsp;&nbsp;&nbsp; Alternatif solusi itu harus tepat untuk mencapai tujuan yang telah ditentukan</p><p>b.&nbsp;&nbsp;&nbsp; Altertnatif solusi itu harus jelas dampak, resiko dan peluang yang mungkin diciptakan</p><p>c.&nbsp;&nbsp;&nbsp;&nbsp; Alternatif solusi itu harus feasible untuk dilaksanakan</p><p>d.&nbsp;&nbsp;&nbsp; Alternatif solusi itu harus tidak bertentangan dengan nilai, etika, moral yang dipegang oleh anggota organisasi dan oleh organisasi.</p><p>e.&nbsp;&nbsp;&nbsp; Alternatif solusi itu harus membawa perubahan bagi organisasi menuju yang lebih baik dari keadaan sekarang.</p><p></p><p>Secara operasional akhirnya kriteria ini sangat ditentukan oleh pembuat keputusan. Alternatif solusi yang dipilih mungkin mempunyai resiko tinggi dan sulit dilaksanakan, tapi dapat membawa perubahan yang diinginkan. Dalam manajemen acapkali ditemukan suatu alternatif solusi yang sangat mahal yang harus diambil untuk suatu hasil yang mempunyai nilai sangat tinggi.</p>',1,'2020-06-04 08:10:31','2020-06-04 22:57:39',NULL),(15,4,'Tipe-tipe pembuatan keputusan','Tipe-tipe dalam pembuatan keputusan adalah sebagai berikut:','<p>Tipe-tipe dalam pembuatan keputusan adalah sebagai berikut:</p><p></p><p><strong>1.&nbsp;&nbsp; keputusan-keputusan yang diprogaram</strong></p><p>Keputusan-keputusan yang deprogram adalah keputusan yang dibuat menurut kebiasaan, aturan-aturan prosedur, keputusan yang rutin dan berulang-ulang. Setiap organisasi mempunyai kebijaksanaan tertulis atau tidak tertulis yang memudahkan pembuatan keeputusan dalam situasi yang berulang dengan membatasi dan menghilangkan alternative-alternatif.</p><p></p><p><strong>2.&nbsp;&nbsp; keputusan-keputusan yang tidak diprogram</strong></p><p>Keputusan-keputusan yang tidak deprogram adalah keputusan yang berkenaan dengan massalah-masalah khusus, khas atau tidak biasa.</p><p></p><p><strong>3.&nbsp;&nbsp; keputusan dengan kepasian, Resiko, dan Ketidakpastian</strong></p><p>Keputusan dengan kepasian, Resiko, dan Ketidakpastian yaitu para manajer membuatt keputusan-keputusan adalah bagi kegiatan-kegiatan yang akan dilaksanakan dan tujuan yang akan dicapai di waktu yang akan dating. Situasi-situasi pembuatan keputusan ini menyangkut berbagai aspek yang tidak dapat diketahui dan sulit diperkirakan.</p>',1,'2020-06-04 08:53:54','2020-06-04 22:58:03',NULL),(16,4,'Beberapa teknik dalam pembuatan keputusan','Pembuatan keputusan para manajer dapat dilakukan dengan menggunakan beberapa teknik dengan memperhatikan situasi pada saat dalam pengambilan keputusan yaitu :','<p>Tipe-tipe dalam pembuatan keputusan adalah sebagai berikut:</p><p></p><p><strong>1.&nbsp;&nbsp; keputusan-keputusan yang diprogaram</strong></p><p>Keputusan-keputusan yang deprogram adalah keputusan yang dibuat menurut kebiasaan, aturan-aturan prosedur, keputusan yang rutin dan berulang-ulang. Setiap organisasi mempunyai kebijaksanaan tertulis atau tidak tertulis yang memudahkan pembuatan keeputusan dalam situasi yang berulang dengan membatasi dan menghilangkan alternative-alternatif.</p><p></p><p><strong>2.&nbsp;&nbsp; keputusan-keputusan yang tidak diprogram</strong></p><p>Keputusan-keputusan yang tidak deprogram adalah keputusan yang berkenaan dengan massalah-masalah khusus, khas atau tidak biasa.</p><p></p><p><strong>3.&nbsp;&nbsp; keputusan dengan kepasian, Resiko, dan Ketidakpastian</strong></p><p>Keputusan dengan kepasian, Resiko, dan Ketidakpastian yaitu para manajer membuat keputusan-keputusan adalah bagi kegiatan-kegiatan yang akan dilaksanakan dan tujuan yang akan dicapai di waktu yang akan dating. Situasi-situasi pembuatan keputusan ini menyangkut berbagai aspek yang tidak dapat diketahui dan sulit diperkirakan.</p>',1,'2020-06-04 08:56:25','2020-06-04 23:03:41',NULL),(17,5,'Sistem Pendukung Keputusan','Sistem berbasis komputer yang interaktif, yang membantu pengambil keputusan dalam menggunakan data dan model untuk menyelesaikan masalah yang tidak terstruktur.','<p>Tipe-tipe dalam pembuatan keputusan adalah sebagai berikut:</p><p></p><p><strong>1.&nbsp;&nbsp; keputusan-keputusan yang diprogaram</strong></p><p>Keputusan-keputusan yang deprogram adalah keputusan yang dibuat menurut kebiasaan, aturan-aturan prosedur, keputusan yang rutin dan berulang-ulang. Setiap organisasi mempunyai kebijaksanaan tertulis atau tidak tertulis yang memudahkan pembuatan keeputusan dalam situasi yang berulang dengan membatasi dan menghilangkan alternative-alternatif.</p><p></p><p><strong>2.&nbsp;&nbsp; keputusan-keputusan yang tidak diprogram</strong></p><p>Keputusan-keputusan yang tidak deprogram adalah keputusan yang berkenaan dengan massalah-masalah khusus, khas atau tidak biasa.</p><p></p><p><strong>3.&nbsp;&nbsp; keputusan dengan kepasian, Resiko, dan Ketidakpastian</strong></p><p>Keputusan dengan kepasian, Resiko, dan Ketidakpastian yaitu para manajer membuat keputusan-keputusan adalah bagi kegiatan-kegiatan yang akan dilaksanakan dan tujuan yang akan dicapai di waktu yang akan datang. Situasi-situasi pembuatan keputusan ini menyangkut berbagai aspek yang tidak dapat diketahui dan sulit diperkirakan.</p>',1,'2020-06-04 09:01:38','2020-06-04 23:05:29',NULL),(18,5,'Hambatan Penerapan Sistem Informasi Manajemen','Hambatan dalam penerapan sistem informasi manajemen sendiri adalah sebagai berikut:','<p>Hambatan dalam penerapan sistem informasi manajemen sendiri adalah sebagai berikut:</p><p></p><p>1.&nbsp;&nbsp;&nbsp; Berjalannya proses bisnis dan operasi. Ini adalah peran paling dasar dari sebuah SIM. Dengan SIM, proses bisnis yang dilakukan oleh para karyawan akan berjalan baik. SIM yang terorganisir akan memudahkan karyawan dalam melaksanakan tugasnya masing – masing.</p><p></p><p>2.&nbsp;&nbsp;&nbsp; Membantu dalam pengambilan keputusan bisnis. Dengan SIM yang baik, maka pengambilan keputusan yang tepat akan lebih mudah dilakukan. Informasi yang jelas akan membantu pihak manajemen dalam menentukan langkah yang akan diambil perusahaan.</p><p></p><p>3.&nbsp;&nbsp;&nbsp; Membantu dalam menentukan strategi untuk menciptakan keunggulan dibandingkan kompetitor. Ketika sebuah perusahaan sudah memiliki SIM yang baik, maka perusahaan dapat memikirkan langkah – langkah baru yang inovatif agar bisa lebih maju dari para pesaingnya dalam melayani customer.</p>',1,'2020-06-04 09:02:54','2020-06-04 22:58:57',NULL),(19,5,'Peran Utama Sistem Informasi Manajemen','...','<p>1.&nbsp;&nbsp;&nbsp; berjalannya proses bisnis dan operasi. Ini adalah peran paling dasar dari sebuah SIM. Dengan SIM, proses bisnis yang dilakukan oleh para karyawan akan berjalan baik. SIM yang terorganisir akan memudahkan karyawan dalam melaksanakan tugasnya masing – masing.</p><p></p><p>2.&nbsp;&nbsp;&nbsp; Membantu dalam pengambilan keputusan bisnis. Dengan SIM yang baik, maka pengambilan keputusan yang tepat akan lebih mudah dilakukan. Informasi yang jelas akan membantu pihak manajemen dalam menentukan langkah yang akan diambil perusahaan.</p><p></p><p>3.&nbsp;&nbsp;&nbsp; Membantu dalam menentukan strategi untuk menciptakan keunggulan dibandingkan kompetitor. Ketika sebuah perusahaan sudah memiliki SIM yang baik, maka perusahaan dapat memikirkan langkah – langkah baru yang inovatif agar bisa lebih maju dari para pesaingnya dalam melayani customer.</p>',1,'2020-06-04 09:04:12','2020-06-04 22:59:13','2020-06-04 22:59:13'),(20,6,'Pengertian perancangan web','Web Design adalah salah satu istilah tentang desain secara visual yang diterapkan kepada media digital yaitu website. Dimana hal ini juga berkaitan dengan apa itu web development.','<p>Web Design adalah salah satu istilah tentang desain secara visual yang diterapkan kepada media digital yaitu website. Dimana hal ini juga berkaitan dengan apa itu web development, Karena pengembangan sebuah website tidak hanya menuntut fungsionalitas website tersebut, melainkan kita juga membutuhkan sebuah esensi seni yang disebut design.</p><p></p><p>Kembali ke tujuan website tersebut dibuat. Tujuan dibuatnya sebuah website tidak lain dan tidak bukan adalah sebagai salah satu media komunikasi, dimana memang bertujuan untuk membuat atau menyampaikan informasi secara cepat dan realtime.</p><p></p><p>Membuat desain pada sebuah website memerlukan kemampuan khusus dimana tidak semua orang bisa &nbsp;memberikan desain unik tanpa menghilangkan fungsi utama dari website tersebut. Seperti yang kita sendiri alami ketika mengunjungi sebuah website, saat mengunjungi sebuah website tentu yang pertama kali kita lihat adalah desain dari website itu sendiri, baik itu dari komposisi warna sampai tata letak.</p><p>Seorang web desainer yang baik adalah mereka yang mengerti akan esensi warna dan memiliki perasaan dalam membayangkan sebagai pembaca atau pengunjung website. Misalnya saja dalam pemilihan warna. Seorang web designer perlu memperkirakan warna yang menarik namun tetap nyaman dipandang mata. Dan menghindari warna sejenis antara background dengan tulisan.</p><p></p><p>Bicara tentang web design tentu tidak akan terlepas dari yang namanya tata letak konten dan gambar. Pemilihan tata letak konten dapat mempengaruhi minat para pengunjung di website yang kalian miliki. Begitu juga dengan gambar. Website modern saat ini sudah sangat kompleks, dimana sebuah gambar harus juga terlihat menarik dan mendukung dalam komposisi warna atau tema website. Selain itu pemilihan ukuran gambar juga sangat harus diperhatikan. Melihat kembali masalah konektivitas internet yang ada di Indonesia saat ini, alangkah baiknya menggunakan gambar dengan ukuran yang wajar saja. Pada umumnya kita tidak disarankan untuk memilih atau memasukkan gambar yang memiliki ukuran diatas 300 KB. Karena tentu dengan adanya banyak gambar berukuran besar akan membuat loading halaman website kita akan semakin berat.</p><p></p><p>Kesimpulan kali ini tentang pengertian web design adalah istilah dalam pembuatan desain yang berfokus pada tampilan website tanpa menghilangkan fungsi utama dari website tersebut dan memberikan kenyamanan tambahan pada pembaca atau pengunjung website.</p>',1,'2020-06-04 22:35:57','2020-06-04 22:35:57',NULL),(21,6,'Deskripsi dan tanggung jawab','Setiap pekerjaan memiliki tanggung jawab dan pengertiannya sendiri, dan untuk perancangan web sendiri adalah sebagai berikut:','<p>Setiap pekerjaan memiliki tanggung jawab dan pengertiannya sendiri, dan untuk perancangan web sendiri adalah sebagai berikut:</p><p></p><p><strong>Deskripsi pekerjaan desainer web</strong></p><p></p><p>Menjadi desainer web tentu memiliki tugas dan tanggung jawab sangat banyak, baik bekerja secara freelance maupun di perusahaan besar. Penting untuk mengetahui secara detail tentang deskripsi pekerjaan desainer web agar mudah dalam melaksanakan setiap pekerjaan yang diterima dari atasan.</p><p></p><p><strong>Tanggung jawab desainer web</strong></p><p></p><ul><li><p>Membuat rancangan konsep layout wireframing maupun visual</p></li><li><p>Membuat dan melakukan konversi layout visual HTML dan CSS</p></li><li><p>Membuat dan mempercantik tampilan HTML dengan CSS</p></li><li><p>Menambahkan efek tambahan sesuai kebutuhan</p></li><li><p>Mengevaluasi dan menganalisa dengan teliti kode yang sudah benar</p></li></ul>',1,'2020-06-04 22:38:15','2020-06-04 22:38:15',NULL),(22,7,'Kemampuan teknik (Hard Skill) web designer','Berikut adalah kemampuan teknik seorang web designer, diantaranya:','<p>Berikut adalah kemampuan teknik seorang web designer, diantaranya:</p><p></p><p><strong>1. HTML/CSS</strong></p><p></p><p>HyperText Markup Language (HTML) merupakan bahasa markup standar yang biasa diterapkan untuk membuat halaman web.</p><p>Bahasa markup ini adalah suatu cara untuk membuat notes di dalam dokumen digital. Bahkan HTML termasuk hal paling dasar yang dibutuhkan untuk mengembangkan website. Sedangkan Cascading Style Sheets (CSS) adalah bahasa pemrograman yang digunakan untuk mempresentasikan file HTML yang sudah dibuat. HTML berguna untuk membangun pondasi dari sebuah website.</p><p></p><p>Penggunaan CSS juga sebagai pengatur layout website, font, warna, dan style.</p><p></p><p><strong>2. JavaScript/jQuery</strong></p><p></p><p>JavaScript akan menentukan fungsi yang terdapat dalam sebuah website. Terutama jika ingin mendapatkan fitur interaktif seperti audio, video, game, atau animasi yang pastinya membutuhkan JavaScript.</p><p>Kemudian adanya jQuery membuat penggunaan JavaScrips menjadi lebih cepat dan mudah dalam pembuatan kode.</p><p></p><p><strong>3. Framework CSS dan JavaScript</strong></p><p></p><p>CSS dan JavaScript adalah bagian besar dalam front-end development yang akan menjadi dasar dari keterampilan yang lain. Dimana Framework dari CSS dan JavaScript termasuk koleksi dari file CSS atau JavaScript untuk membantu melakukan tugas tertentu, misalnya login ke sebuah website atau mencari blog.</p><p></p><p><strong>4. Preprocessor CSS</strong></p><p></p><p>CSS adalah sebuah tool yang akan membuat para developer lebih mudah dan fleksibel dalam melakukan tugasnya. Terdapat beberapa contoh Preprocessor CSS yaitu Sass, LESS, atau Stylus.</p><p>Disini dapat dilakukan penulisan dan pengubahan kode secara jauh lebih simpel. Preprocessor CSS tersebut akan mengubah kode ke dalam bentuk CSS yang akan bekerja melalui website.</p><p></p><p><strong>5. Version Control/Git</strong></p><p></p><p>Version control merupakan proses melacak dan mengontrol perubahan kode, sehingga tidak harus mengulangi semuanya dari awal.</p><p>Software untuk melakukan version control adalah Git, dimana mampu melacak bentuk perubahan yang dilakukan agar bisa kembali ke versi kerja sebelumnya.</p><p>Bahkan akan mampu menemukan tentang kesalahan tertentu tanpa merusaknya.</p><p></p><p><strong>6. Responsive design</strong></p><p></p><p>Prinsip responsive design dan mengimplementasikan saat coding termasuk kunci dari front-end development. Responsive design merupakan bagian dari framework CSS, misalnya bootstrap.</p><p>Keterampilan tersebut sebenarnya saling berhubungan, sehingga bisa dengan mudah mempelajarinya secara perlahan.</p><p></p><p><strong>7. Testing/Debugging</strong></p><p></p><p>Setiap website lokal yang terlihat sederhana hingga website berskala internasional, pasti tak terlepas dari blug. Namun agar website tersebut dapat berjalan baik, maka harus menghilangkan bug tersebut.</p><p></p><p>Testing inilah bagian dari kemampuan web designer agar bisa membantu mempercepat dan mengatasi masalah tersebut.</p><p></p>',1,'2020-06-04 22:41:19','2020-06-04 22:41:19',NULL),(23,7,'Soft skill web designer','Selain keterampilan secara teknik (hard skill) yang harus dimiliki oleh seorang web designer, ada juga keterampilan secara soft skill, yakni kemampuan berpikir dari dalam diri seseorang. Untuk selengkapnya, simak penjelasan berikut:','<p>Selain keterampilan secara teknik (hard skill) yang harus dimiliki oleh seorang web designer, ada juga keterampilan secara soft skill, yakni kemampuan berpikir dari dalam diri seseorang. Untuk selengkapnya, simak penjelasan berikut:</p><p></p><p><strong>1. Keterampilan menulis</strong></p><p></p><p>Keterampilan menulis sangat penting bagi perancang web agar hasil desain website semakin maksimal. Pasalnya semakin efektif penulisan, dan portofolio akan baik dan berkesan bagi pengunjung. Selain itu, teknik mengetik juga harus cepat guna mendapatkan kode. Semakin cepat mengetik maka akan membantu menyelesaikan tugas sebelum terlampaui batas waktu.</p><p></p><p><strong>2. Gaya unik</strong></p><p></p><p>Pastikan web designer memiliki kemampuan yang berbeda dari yang lainnya. Adapun faktor penting dalam mempunyai gaya sendiri, yakni memiliki tanda secara khusus karena diluar sana banyak perancang web dengan gaya yang mungkin sama. Jadi, berikan gaya unik agar client semakin terkesan.</p><p></p><p><strong>3. Keterampilan komunikasi</strong></p><p></p><p>Keterampilan harus diikuti baik secara verbal maupun visual. Bahkan bagian mendengarkan akan mampu memerankan peran yang sangat penting. Pastikan menjadi pendengar yang baik saat klien sedang berbicara. Jika perlu berikan kilen tips menarik agar semakin berkesan dengan aksi komunikasi dua arah tersebut.</p><p></p><p><strong>4. Pengelolaan manajemen</strong></p><p></p><p>Keterampilan manajemen merupakan sesuatu yang akan membuat seorang web designer terlihat lebih menonjol. Kemampuan ini meliputi perencanaan proyek, pengelolaan sumber daya, melaksanakan proyek dan evaluasi suatu proyek. Jangan sampai klien merasa kecewa akibat soal pengelolaan manajemen yang kurang tepat.</p><p></p><p><strong>5. Pemasaran di media sosial</strong></p><p></p><p>Keterampilan melakukan pemasaran di media sosial sangat berperan penting dibalik pembuatan website dan pengelolaannya.</p><p>Menjadi web designer seyogyanya harus memainkan peran sebagai marketer demi memperkenalkan jasa-jasa website atau rancangan desain web. Paling tidak ada calon klien atau pelanggan yang tertarik dengan rancangan desain website tersebut.</p><p></p><p><strong>6. Pengetahuan HTML dan CSS</strong></p><p></p><p>HTML &amp; CSS merupakan keterampilan wajib bagi para desainer web seperti yang sudah dijelaskan di bagian atas.</p><p>Namun sebelum praktek langsung dalam pembuatan HTML dan CSS, para desainer web diharakan memiliki pengetahuan secara maksimal dengan bahasa pemograman tersebut. Dengan kata lain, harus belajar mengenali kode yang terkait agar nantinya dapat menyelesaikan suatu proyek.</p><p></p><p><strong>7. Paham SEO</strong></p><p></p><p>Dasar-dasar SEO sangatlah penting dalam mengoptimalkan halaman web, sehingga dapat muncul di halaman paling depan mesin pencari Google. Proyek dalam suatu pembuatan desain web, selama bisa memahami teknik SEO sebagai tambahan uang. Di sisi lain, klien pun lebih menyukai desainer web yang paham akan ilmu lain, seperti SEO.</p>',1,'2020-06-04 22:43:02','2020-06-04 22:43:02',NULL),(24,8,'Test lesson 1','Test lesson 1','<p>Test lesson 1</p>',1,'2020-06-06 00:29:08','2020-06-06 00:29:08',NULL);
/*!40000 ALTER TABLE `module_lessons` ENABLE KEYS */;
UNLOCK TABLES;

--
-- Table structure for table `module_quiz_choices`
--

DROP TABLE IF EXISTS `module_quiz_choices`;
/*!40101 SET @saved_cs_client     = @@character_set_client */;
/*!40101 SET character_set_client = utf8 */;
CREATE TABLE `module_quiz_choices` (
  `id` bigint(20) unsigned NOT NULL AUTO_INCREMENT,
  `module_quiz_question_id` bigint(20) unsigned NOT NULL,
  `title` varchar(255) COLLATE utf8mb4_unicode_ci NOT NULL,
  `description` varchar(255) COLLATE utf8mb4_unicode_ci DEFAULT '',
  `answer` tinyint(1) NOT NULL DEFAULT 0,
  `created_at` timestamp NULL DEFAULT NULL,
  `updated_at` timestamp NULL DEFAULT NULL,
  `deleted_at` timestamp NULL DEFAULT NULL,
  PRIMARY KEY (`id`),
  KEY `module_quiz_choices_module_quiz_question_id_foreign` (`module_quiz_question_id`),
  CONSTRAINT `module_quiz_choices_module_quiz_question_id_foreign` FOREIGN KEY (`module_quiz_question_id`) REFERENCES `module_quiz_questions` (`id`)
) ENGINE=InnoDB AUTO_INCREMENT=68 DEFAULT CHARSET=utf8mb4 COLLATE=utf8mb4_unicode_ci;
/*!40101 SET character_set_client = @saved_cs_client */;

--
-- Dumping data for table `module_quiz_choices`
--

LOCK TABLES `module_quiz_choices` WRITE;
/*!40000 ALTER TABLE `module_quiz_choices` DISABLE KEYS */;
INSERT INTO `module_quiz_choices` VALUES (1,1,'Distribusi fungsi dan tugas',NULL,0,'2020-06-04 07:12:36','2020-06-04 07:12:36',NULL),(2,1,'Pengaturan wewenang dan tanggung jawab',NULL,0,'2020-06-04 07:12:37','2020-06-04 07:12:37',NULL),(3,1,'Keuntungan dan kerugian',NULL,1,'2020-06-04 07:12:38','2020-06-04 07:12:45',NULL),(4,1,'Pemimpin dan yang dipimpin, yang secara fungsional berfungsi untuk menggerakan organisasi sebagai suatu sistem dalam upaya mewujudkan tujuan yang akan dicapai',NULL,0,'2020-06-04 07:12:39','2020-06-04 07:12:39',NULL),(5,2,'Strategi untuk melaksanakan perencanaan atau bahkan untuk melaksanakan suatu keputusan tertentu',NULL,1,'2020-06-04 07:14:22','2020-06-04 07:15:50',NULL),(6,2,'Bentuk partisipasi dalam berbagai jenis serta tingkat hingga pembuatan keputusan itu efektif',NULL,0,'2020-06-04 07:15:51','2020-06-04 07:15:51',NULL),(7,2,'Proses interaksi prilaku anggota dan prilaku pemimpin dalam proses manajemen',NULL,0,'2020-06-04 07:15:52','2020-06-04 07:15:52',NULL),(8,2,'Berkaitan dengan teori kepemimpinan seperti teori kepemimpinan Situasional,  teori kepemimpinan Managerial Grid dan teori Contingency Model.',NULL,0,'2020-06-04 07:15:54','2020-06-04 07:15:54',NULL),(9,3,'Mikro',NULL,0,'2020-06-04 07:17:44','2020-06-04 07:20:40',NULL),(10,3,'Makro',NULL,0,'2020-06-04 07:17:46','2020-06-04 07:20:41',NULL),(11,3,'Minimalis',NULL,1,'2020-06-04 07:17:47','2020-06-04 07:20:39',NULL),(12,3,'Meso',NULL,0,'2020-06-04 07:17:48','2020-06-04 07:17:48',NULL),(13,4,'Kebijakan keputusan',NULL,0,'2020-06-04 07:22:00','2020-06-04 07:22:00',NULL),(14,4,'Prinsip pembuatan keputusan',NULL,1,'2020-06-04 07:22:14','2020-06-04 07:22:48',NULL),(15,4,'Proses pembuatan keputusan',NULL,0,'2020-06-04 07:22:49','2020-06-04 07:22:49',NULL),(16,4,'Fungsi manajemen',NULL,0,'2020-06-04 07:23:36','2020-06-04 07:23:36',NULL),(17,7,'Identifikasi Masalah',NULL,0,'2020-06-04 07:58:26','2020-06-04 07:58:26',NULL),(18,7,'Perumusan Tujuan',NULL,0,'2020-06-04 07:58:36','2020-06-04 07:58:36',NULL),(19,7,'Identifikasi Alternatif Solusi',NULL,0,'2020-06-04 07:58:49','2020-06-04 07:58:49',NULL),(20,7,'Legalisasi Keputusan',NULL,1,'2020-06-04 07:59:01','2020-06-04 07:59:20',NULL),(21,8,'Special problems',NULL,0,'2020-06-04 08:00:19','2020-06-04 08:00:19',NULL),(22,8,'Policy problems',NULL,0,'2020-06-04 08:01:08','2020-06-04 08:01:08',NULL),(23,8,'Generic problems',NULL,1,'2020-06-04 08:01:12','2020-06-04 08:01:25',NULL),(24,8,'Epidemic prombles',NULL,0,'2020-06-04 08:01:26','2020-06-04 08:01:26',NULL),(25,9,'Alternatif solusi itu harus tepat untuk mencapai tujuan yang telah ditentukan',NULL,0,'2020-06-04 08:03:49','2020-06-04 08:03:49',NULL),(26,9,'Alternatif solusi itu harus mengeluarkan biaya',NULL,1,'2020-06-04 08:04:28','2020-06-04 08:04:36',NULL),(27,9,'Altertnatif solusi itu harus jelas dampak, resiko dan peluang yang mungkin diciptakan',NULL,0,'2020-06-04 08:04:40','2020-06-04 08:05:01','2020-06-04 08:05:01'),(28,9,'Altertnatif solusi itu harus jelas dampak, resiko dan peluang yang mungkin diciptakan',NULL,0,'2020-06-04 08:04:40','2020-06-04 08:04:40',NULL),(29,9,'Alternatif solusi itu harus feasible untuk dilaksanakan',NULL,0,'2020-06-04 08:04:42','2020-06-04 08:04:42',NULL),(30,10,'Pengawasan',NULL,1,'2020-06-04 08:44:20','2020-06-04 08:44:24',NULL),(31,10,'Kerjasama',NULL,0,'2020-06-04 08:44:35','2020-06-04 08:44:35',NULL),(32,10,'Kontrak',NULL,0,'2020-06-04 08:45:11','2020-06-04 08:45:11',NULL),(33,10,'Penerimaan',NULL,0,'2020-06-04 08:45:18','2020-06-04 08:45:18',NULL),(34,11,'Subjective dan sasaran pasar',NULL,0,'2020-06-04 08:46:10','2020-06-04 08:46:10',NULL),(35,11,'Objective dan sasaran operasional',NULL,1,'2020-06-04 08:46:12','2020-06-04 08:49:30',NULL),(36,11,'Objective dan sasaran pasar',NULL,0,'2020-06-04 08:46:29','2020-06-04 08:46:29',NULL),(37,11,'Subjective dan sasaran operasional',NULL,0,'2020-06-04 08:46:42','2020-06-04 08:46:42',NULL),(38,11,'Subjective dan sasaran operasional',NULL,0,'2020-06-04 08:46:42','2020-06-04 08:49:26','2020-06-04 08:49:26'),(39,12,'Desain secara audio',NULL,0,'2020-06-04 22:44:45','2020-06-04 22:44:45',NULL),(40,12,'Desain secara visual',NULL,1,'2020-06-04 22:44:53','2020-06-04 22:44:55',NULL),(41,12,'Desain secara permukaan',NULL,0,'2020-06-04 22:45:06','2020-06-04 22:45:06',NULL),(42,13,'Mengerti akan esensi nilai dan memiliki perasaan dalam menampilkan sebagai pembaca atau pengunjung website.',NULL,0,'2020-06-04 22:46:56','2020-06-04 22:46:56',NULL),(43,13,'Mengerti akan esensi warna dan memiliki perasaan dalam membayangkan sebagai pembaca atau pengunjung website.',NULL,1,'2020-06-04 22:46:58','2020-06-04 22:47:01',NULL),(44,13,'Mengerti akan esensi tampilan dan memiliki nilai dalam membayangkan sebagai pembaca atau pengunjung website.',NULL,0,'2020-06-04 22:46:59','2020-06-04 22:46:59',NULL),(45,14,'Membuat rancangan konsep layout wireframing maupun visual',NULL,0,'2020-06-04 22:48:21','2020-06-04 22:48:21',NULL),(46,14,'Membuat dan mempercantik tampilan HTML dengan CSS',NULL,0,'2020-06-04 22:48:30','2020-06-04 22:48:30',NULL),(47,14,'Menghilangkan efek & esensi website',NULL,1,'2020-06-04 22:49:18','2020-06-04 22:49:20',NULL),(48,15,'HTML/CSS',NULL,0,'2020-06-04 22:49:49','2020-06-04 22:49:49',NULL),(49,15,'Preprocessor CSS',NULL,0,'2020-06-04 22:49:56','2020-06-04 22:49:56',NULL),(50,15,'Perakitan komputer',NULL,1,'2020-06-04 22:50:21','2020-06-04 22:50:23',NULL),(51,16,'Kebiasaan',NULL,0,'2020-06-04 23:03:05','2020-06-04 23:03:05',NULL),(52,16,'Aturan-aturan prosedur',NULL,0,'2020-06-04 23:03:06','2020-06-04 23:03:06',NULL),(53,16,'Keputusan yang rutin dan berulang-ulang',NULL,0,'2020-06-04 23:03:07','2020-06-04 23:03:07',NULL),(54,16,'Orang lain',NULL,1,'2020-06-04 23:03:08','2020-06-04 23:03:10',NULL),(55,17,'Manager',NULL,1,'2020-06-04 23:04:07','2020-06-04 23:04:08',NULL),(56,17,'Staff',NULL,0,'2020-06-04 23:04:11','2020-06-04 23:04:11',NULL),(57,17,'Karyawan',NULL,0,'2020-06-04 23:04:19','2020-06-04 23:04:19',NULL),(58,17,'Supir',NULL,0,'2020-06-04 23:04:37','2020-06-04 23:04:37',NULL),(59,18,'Aspek yang tidak dapat diketahui dan sulit diperkirakan',NULL,1,'2020-06-04 23:06:00','2020-06-04 23:06:07',NULL),(60,18,'Aspek yang dapat diketahui dan sulit diperkirakan.',NULL,0,'2020-06-04 23:06:06','2020-06-04 23:06:06',NULL),(61,18,'Aspek yang diketahui dan diperkirakan.',NULL,0,'2020-06-04 23:06:18','2020-06-04 23:06:18',NULL),(62,19,'Kegiatan yang akan diambil perusahaan',NULL,0,'2020-06-04 23:06:54','2020-06-04 23:07:23',NULL),(63,19,'Langkah yang akan diambil perusahaan',NULL,1,'2020-06-04 23:06:59','2020-06-04 23:07:08',NULL),(64,19,'Masalah yang akan diambil perusahaan',NULL,0,'2020-06-04 23:07:03','2020-06-04 23:07:22',NULL),(65,19,'Tujuan yang akan diambil perusahaan',NULL,0,'2020-06-04 23:07:06','2020-06-04 23:07:21',NULL),(66,20,'Jawaban 1',NULL,0,'2020-06-06 00:29:44','2020-06-06 00:29:44',NULL),(67,20,'Jawaban 2',NULL,1,'2020-06-06 00:29:48','2020-06-06 00:29:51',NULL);
/*!40000 ALTER TABLE `module_quiz_choices` ENABLE KEYS */;
UNLOCK TABLES;

--
-- Table structure for table `module_quiz_questions`
--

DROP TABLE IF EXISTS `module_quiz_questions`;
/*!40101 SET @saved_cs_client     = @@character_set_client */;
/*!40101 SET character_set_client = utf8 */;
CREATE TABLE `module_quiz_questions` (
  `id` bigint(20) unsigned NOT NULL AUTO_INCREMENT,
  `module_quiz_id` bigint(20) unsigned NOT NULL,
  `title` varchar(255) COLLATE utf8mb4_unicode_ci NOT NULL,
  `description` varchar(255) COLLATE utf8mb4_unicode_ci DEFAULT '',
  `status` tinyint(4) DEFAULT 1,
  `created_at` timestamp NULL DEFAULT NULL,
  `updated_at` timestamp NULL DEFAULT NULL,
  `deleted_at` timestamp NULL DEFAULT NULL,
  PRIMARY KEY (`id`),
  KEY `module_quiz_questions_module_quiz_id_foreign` (`module_quiz_id`),
  CONSTRAINT `module_quiz_questions_module_quiz_id_foreign` FOREIGN KEY (`module_quiz_id`) REFERENCES `module_quizzes` (`id`)
) ENGINE=InnoDB AUTO_INCREMENT=21 DEFAULT CHARSET=utf8mb4 COLLATE=utf8mb4_unicode_ci;
/*!40101 SET character_set_client = @saved_cs_client */;

--
-- Dumping data for table `module_quiz_questions`
--

LOCK TABLES `module_quiz_questions` WRITE;
/*!40000 ALTER TABLE `module_quiz_questions` DISABLE KEYS */;
INSERT INTO `module_quiz_questions` VALUES (1,1,'Apa yang ada pada manajemen?',NULL,1,'2020-06-04 07:10:53','2020-06-04 07:10:53',NULL),(2,1,'Apa fungsi dari kebijakan?',NULL,1,'2020-06-04 07:13:27','2020-06-04 07:13:27',NULL),(3,1,'Berikut ini adalah sifat kebijakan, kecuali?',NULL,1,'2020-06-04 07:16:23','2020-06-04 07:16:23',NULL),(4,1,'\"Keputusan hendaknya tidak berada diluar zona of acceptance manusia\", adalah salah satu dari...?',NULL,1,'2020-06-04 07:19:32','2020-06-04 07:19:32',NULL),(5,1,'\"Keputusan hendaknya tidak berada diluar zona of acceptance manusia\", adalah salah satu dari...?',NULL,1,'2020-06-04 07:19:32','2020-06-04 07:19:54','2020-06-04 07:19:54'),(6,1,'\"Keputusan hendaknya tidak berada diluar zona of acceptance manusia\", adalah salah satu dari...?',NULL,1,'2020-06-04 07:19:32','2020-06-04 07:19:56','2020-06-04 07:19:56'),(7,2,'Salah satu proses perumusan masalah adalah, kecuali?',NULL,1,'2020-06-04 07:53:39','2020-06-04 07:53:39',NULL),(8,2,'Masalah yang tidak memerlukan pimpinan tingkat tinggi disebut?',NULL,1,'2020-06-04 07:55:02','2020-06-04 07:55:02',NULL),(9,2,'Manakah yang tidak termasuk kriteria alternatif solusi?',NULL,1,'2020-06-04 08:02:57','2020-06-04 08:02:57',NULL),(10,3,'Manakah yang termasuk tahap implementasi keputusan?',NULL,1,'2020-06-04 08:33:14','2020-06-04 08:33:14',NULL),(11,3,'Apa yang bukan termasuk cakupan plan of action?',NULL,1,'2020-06-04 08:33:49','2020-06-04 08:33:49',NULL),(12,4,'Web Design adalah salah satu istilah tentang?',NULL,1,'2020-06-04 22:44:16','2020-06-04 22:44:23',NULL),(13,4,'Seorang web desainer yang baik adalah mereka yang ...',NULL,1,'2020-06-04 22:45:51','2020-06-04 22:45:51',NULL),(14,5,'Tanggung jawab desainer web, kecuali ...',NULL,1,'2020-06-04 22:48:02','2020-06-04 22:48:02',NULL),(15,5,'Berikut adalah kemampuan teknik seorang web designer, kecuali:',NULL,1,'2020-06-04 22:49:36','2020-06-04 22:49:36',NULL),(16,6,'Keputusan-keputusan yang deprogram adalah keputusan ...',NULL,1,'2020-06-04 23:01:44','2020-06-04 23:01:44',NULL),(17,6,'Keputusan dengan kepasian, Resiko, dan Ketidakpastian yaitu para?',NULL,1,'2020-06-04 23:03:57','2020-06-04 23:03:57',NULL),(18,7,'Situasi-situasi pembuatan keputusan ini menyangkut berbagai?',NULL,1,'2020-06-04 23:05:51','2020-06-04 23:05:51',NULL),(19,7,'Informasi yang jelas akan membantu pihak manajemen dalam menentukan?',NULL,1,'2020-06-04 23:06:47','2020-06-04 23:06:47',NULL),(20,8,'Pertanyaan 1',NULL,1,'2020-06-06 00:29:34','2020-06-06 00:29:34',NULL);
/*!40000 ALTER TABLE `module_quiz_questions` ENABLE KEYS */;
UNLOCK TABLES;

--
-- Table structure for table `module_quizzes`
--

DROP TABLE IF EXISTS `module_quizzes`;
/*!40101 SET @saved_cs_client     = @@character_set_client */;
/*!40101 SET character_set_client = utf8 */;
CREATE TABLE `module_quizzes` (
  `id` bigint(20) unsigned NOT NULL AUTO_INCREMENT,
  `module_id` bigint(20) unsigned NOT NULL,
  `title` varchar(255) COLLATE utf8mb4_unicode_ci NOT NULL,
  `description` varchar(255) COLLATE utf8mb4_unicode_ci DEFAULT '',
  `status` tinyint(4) DEFAULT 1,
  `created_at` timestamp NULL DEFAULT NULL,
  `updated_at` timestamp NULL DEFAULT NULL,
  `deleted_at` timestamp NULL DEFAULT NULL,
  PRIMARY KEY (`id`),
  KEY `module_quizzes_module_id_foreign` (`module_id`),
  CONSTRAINT `module_quizzes_module_id_foreign` FOREIGN KEY (`module_id`) REFERENCES `modules` (`id`)
) ENGINE=InnoDB AUTO_INCREMENT=9 DEFAULT CHARSET=utf8mb4 COLLATE=utf8mb4_unicode_ci;
/*!40101 SET character_set_client = @saved_cs_client */;

--
-- Dumping data for table `module_quizzes`
--

LOCK TABLES `module_quizzes` WRITE;
/*!40000 ALTER TABLE `module_quizzes` DISABLE KEYS */;
INSERT INTO `module_quizzes` VALUES (1,1,'Quiz 1','Quiz untuk modul proses pembuatan keputusan',1,'2020-06-04 07:09:23','2020-06-04 23:00:29',NULL),(2,2,'Quiz 2','Quiz untuk modul perumusan keputusan',1,'2020-06-04 07:28:45','2020-06-04 23:00:11',NULL),(3,3,'Quiz 3','Quiz untuk modul implementasi keputusan',1,'2020-06-04 08:32:11','2020-06-04 23:00:46',NULL),(4,6,'Quiz lesson 1','Quiz mengenai pengertian perancangan web',1,'2020-06-04 22:44:11','2020-06-04 22:44:11',NULL),(5,7,'Quiz lesson 2','Quiz mengenai kemampuan seorang web designer',1,'2020-06-04 22:47:40','2020-06-04 22:47:40',NULL),(6,4,'Quiz 4','Quiz untuk modul tipe dan teknik pembuat keputusan',1,'2020-06-04 23:01:19','2020-06-04 23:01:19',NULL),(7,5,'Quiz 5','Quiz untuk modul peran TI dalam menunjang pengambilan keputusan',1,'2020-06-04 23:05:03','2020-06-04 23:05:03',NULL),(8,8,'Quiz 1','Test quiz 1',1,'2020-06-06 00:29:25','2020-06-06 00:29:25',NULL);
/*!40000 ALTER TABLE `module_quizzes` ENABLE KEYS */;
UNLOCK TABLES;

--
-- Table structure for table `modules`
--

DROP TABLE IF EXISTS `modules`;
/*!40101 SET @saved_cs_client     = @@character_set_client */;
/*!40101 SET character_set_client = utf8 */;
CREATE TABLE `modules` (
  `id` bigint(20) unsigned NOT NULL AUTO_INCREMENT,
  `course_id` bigint(20) unsigned NOT NULL,
  `title` varchar(255) COLLATE utf8mb4_unicode_ci NOT NULL,
  `description` varchar(255) COLLATE utf8mb4_unicode_ci NOT NULL DEFAULT '',
  `status` tinyint(4) DEFAULT 1,
  `created_at` timestamp NULL DEFAULT NULL,
  `updated_at` timestamp NULL DEFAULT NULL,
  `deleted_at` timestamp NULL DEFAULT NULL,
  PRIMARY KEY (`id`),
  KEY `modules_course_id_foreign` (`course_id`),
  CONSTRAINT `modules_course_id_foreign` FOREIGN KEY (`course_id`) REFERENCES `courses` (`id`)
) ENGINE=InnoDB AUTO_INCREMENT=9 DEFAULT CHARSET=utf8mb4 COLLATE=utf8mb4_unicode_ci;
/*!40101 SET character_set_client = @saved_cs_client */;

--
-- Dumping data for table `modules`
--

LOCK TABLES `modules` WRITE;
/*!40000 ALTER TABLE `modules` DISABLE KEYS */;
INSERT INTO `modules` VALUES (1,2,'Proses Pembuatan Keputusan','Pembuatan keputusan merupakan salah satu unsur yang esensial dalam organisasi dan manajemen. Pembuatan keputusan bukan hanya fungsi pimpinan, tapi juga suatu proses partisipasi seluruh anggota untuk meningkatkan fungsi manajemen. Baca selengkapnya....',1,'2020-06-04 06:39:49','2020-06-04 06:43:46',NULL),(2,2,'Perumusan Keputusan','Modul mengenai perumusan keputusan',1,'2020-06-04 07:24:43','2020-06-04 22:53:57',NULL),(3,2,'Implementasi Keputusan','Modul mengenai implementasi keputusan',1,'2020-06-04 08:07:22','2020-06-04 22:54:09',NULL),(4,2,'Tipe dan Teknik Pembuat Keputusan','Modul mengenai tipe dan teknik pembuat keputusan',1,'2020-06-04 08:52:33','2020-06-04 22:54:24',NULL),(5,2,'Peran TI dalam menunjang pengambilan keputusan','Peranan teknologi informasi dalam menunjang pengambilan keputusan manajemen dalam organisasi',1,'2020-06-04 08:59:11','2020-06-04 22:59:33',NULL),(6,3,'Apa itu perancangan web','Pengenalan mengenai perancangan website',1,'2020-06-04 22:35:02','2020-06-04 22:35:02',NULL),(7,3,'Kemampuan yang harus dimiliki','Dalam melakukan perancangan sebuah website kita wajib memiliki skill / kemampuan sebelum melakukannya',1,'2020-06-04 22:39:35','2020-06-04 22:39:35',NULL),(8,4,'Module 1','Test module',1,'2020-06-06 00:28:47','2020-06-06 00:28:47',NULL);
/*!40000 ALTER TABLE `modules` ENABLE KEYS */;
UNLOCK TABLES;

--
-- Table structure for table `password_resets`
--

DROP TABLE IF EXISTS `password_resets`;
/*!40101 SET @saved_cs_client     = @@character_set_client */;
/*!40101 SET character_set_client = utf8 */;
CREATE TABLE `password_resets` (
  `email` varchar(100) COLLATE utf8mb4_unicode_ci NOT NULL,
  `token` varchar(255) COLLATE utf8mb4_unicode_ci NOT NULL,
  `created_at` timestamp NULL DEFAULT NULL,
  KEY `password_resets_email_index` (`email`)
) ENGINE=InnoDB DEFAULT CHARSET=utf8mb4 COLLATE=utf8mb4_unicode_ci;
/*!40101 SET character_set_client = @saved_cs_client */;

--
-- Dumping data for table `password_resets`
--

LOCK TABLES `password_resets` WRITE;
/*!40000 ALTER TABLE `password_resets` DISABLE KEYS */;
/*!40000 ALTER TABLE `password_resets` ENABLE KEYS */;
UNLOCK TABLES;

--
-- Table structure for table `user_course_modules`
--

DROP TABLE IF EXISTS `user_course_modules`;
/*!40101 SET @saved_cs_client     = @@character_set_client */;
/*!40101 SET character_set_client = utf8 */;
CREATE TABLE `user_course_modules` (
  `id` bigint(20) unsigned NOT NULL AUTO_INCREMENT,
  `user_course_id` bigint(20) unsigned NOT NULL,
  `module_lesson_id` bigint(20) unsigned NOT NULL,
  `completed` tinyint(1) DEFAULT 0,
  `created_at` timestamp NULL DEFAULT NULL,
  `updated_at` timestamp NULL DEFAULT NULL,
  `deleted_at` timestamp NULL DEFAULT NULL,
  PRIMARY KEY (`id`),
  KEY `user_course_modules_user_course_id_foreign` (`user_course_id`),
  KEY `user_course_modules_module_lesson_id_foreign` (`module_lesson_id`),
  CONSTRAINT `user_course_modules_module_lesson_id_foreign` FOREIGN KEY (`module_lesson_id`) REFERENCES `module_lessons` (`id`),
  CONSTRAINT `user_course_modules_user_course_id_foreign` FOREIGN KEY (`user_course_id`) REFERENCES `user_courses` (`id`)
) ENGINE=InnoDB AUTO_INCREMENT=14 DEFAULT CHARSET=utf8mb4 COLLATE=utf8mb4_unicode_ci;
/*!40101 SET character_set_client = @saved_cs_client */;

--
-- Dumping data for table `user_course_modules`
--

LOCK TABLES `user_course_modules` WRITE;
/*!40000 ALTER TABLE `user_course_modules` DISABLE KEYS */;
INSERT INTO `user_course_modules` VALUES (1,1,20,1,'2020-06-04 23:19:17','2020-06-04 23:50:33',NULL),(2,1,21,1,'2020-06-04 23:19:20','2020-06-04 23:50:35',NULL),(3,1,22,1,'2020-06-04 23:19:32','2020-06-04 23:19:32',NULL),(4,1,23,1,'2020-06-04 23:19:36','2020-06-04 23:19:36',NULL),(5,3,20,1,'2020-06-05 19:29:56','2020-06-05 19:29:56',NULL),(6,3,21,1,'2020-06-05 19:29:58','2020-06-05 19:29:58',NULL),(7,3,22,1,'2020-06-05 19:30:10','2020-06-05 19:30:10',NULL),(8,3,23,1,'2020-06-05 19:30:13','2020-06-05 19:30:13',NULL),(9,4,20,1,'2020-06-05 19:31:33','2020-06-05 19:31:33',NULL),(10,4,21,1,'2020-06-05 19:31:35','2020-06-05 19:31:35',NULL),(11,4,22,1,'2020-06-05 19:31:44','2020-06-05 19:31:44',NULL),(12,4,23,1,'2020-06-05 19:31:48','2020-06-05 19:31:48',NULL),(13,5,20,1,'2020-06-06 00:27:19','2020-06-06 00:27:19',NULL);
/*!40000 ALTER TABLE `user_course_modules` ENABLE KEYS */;
UNLOCK TABLES;

--
-- Table structure for table `user_course_quizzes`
--

DROP TABLE IF EXISTS `user_course_quizzes`;
/*!40101 SET @saved_cs_client     = @@character_set_client */;
/*!40101 SET character_set_client = utf8 */;
CREATE TABLE `user_course_quizzes` (
  `id` bigint(20) unsigned NOT NULL AUTO_INCREMENT,
  `user_course_id` bigint(20) unsigned NOT NULL,
  `module_quiz_question_id` bigint(20) unsigned NOT NULL,
  `module_quiz_choice_id` bigint(20) unsigned DEFAULT NULL,
  `essay` varchar(255) COLLATE utf8mb4_unicode_ci DEFAULT NULL,
  `created_at` timestamp NULL DEFAULT NULL,
  `updated_at` timestamp NULL DEFAULT NULL,
  `deleted_at` timestamp NULL DEFAULT NULL,
  PRIMARY KEY (`id`),
  KEY `user_course_quizzes_user_course_id_foreign` (`user_course_id`),
  KEY `user_course_quizzes_module_quiz_question_id_foreign` (`module_quiz_question_id`),
  KEY `user_course_quizzes_module_quiz_choice_id_foreign` (`module_quiz_choice_id`),
  CONSTRAINT `user_course_quizzes_module_quiz_choice_id_foreign` FOREIGN KEY (`module_quiz_choice_id`) REFERENCES `module_quiz_choices` (`id`),
  CONSTRAINT `user_course_quizzes_module_quiz_question_id_foreign` FOREIGN KEY (`module_quiz_question_id`) REFERENCES `module_quiz_questions` (`id`),
  CONSTRAINT `user_course_quizzes_user_course_id_foreign` FOREIGN KEY (`user_course_id`) REFERENCES `user_courses` (`id`)
) ENGINE=InnoDB AUTO_INCREMENT=15 DEFAULT CHARSET=utf8mb4 COLLATE=utf8mb4_unicode_ci;
/*!40101 SET character_set_client = @saved_cs_client */;

--
-- Dumping data for table `user_course_quizzes`
--

LOCK TABLES `user_course_quizzes` WRITE;
/*!40000 ALTER TABLE `user_course_quizzes` DISABLE KEYS */;
INSERT INTO `user_course_quizzes` VALUES (1,1,13,43,NULL,'2020-06-04 23:19:26','2020-06-04 23:19:26',NULL),(2,1,12,40,NULL,'2020-06-04 23:19:26','2020-06-04 23:19:26',NULL),(3,1,14,47,NULL,'2020-06-04 23:19:46','2020-06-04 23:19:46',NULL),(4,1,15,50,NULL,'2020-06-04 23:19:46','2020-06-04 23:19:46',NULL),(5,3,12,40,NULL,'2020-06-05 19:30:06','2020-06-05 19:30:06',NULL),(6,3,13,42,NULL,'2020-06-05 19:30:06','2020-06-05 19:30:06',NULL),(7,3,14,46,NULL,'2020-06-05 19:30:19','2020-06-05 19:30:19',NULL),(8,3,15,50,NULL,'2020-06-05 19:30:19','2020-06-05 19:30:19',NULL),(9,4,12,40,NULL,'2020-06-05 19:31:40','2020-06-05 19:31:40',NULL),(10,4,13,43,NULL,'2020-06-05 19:31:40','2020-06-05 19:31:40',NULL),(11,4,14,47,NULL,'2020-06-05 19:31:54','2020-06-05 19:31:54',NULL),(12,4,15,50,NULL,'2020-06-05 19:31:54','2020-06-05 19:31:54',NULL),(13,5,12,40,NULL,'2020-06-06 00:27:26','2020-06-06 00:27:26',NULL),(14,5,13,43,NULL,'2020-06-06 00:27:26','2020-06-06 00:27:26',NULL);
/*!40000 ALTER TABLE `user_course_quizzes` ENABLE KEYS */;
UNLOCK TABLES;

--
-- Table structure for table `user_courses`
--

DROP TABLE IF EXISTS `user_courses`;
/*!40101 SET @saved_cs_client     = @@character_set_client */;
/*!40101 SET character_set_client = utf8 */;
CREATE TABLE `user_courses` (
  `id` bigint(20) unsigned NOT NULL AUTO_INCREMENT,
  `course_id` bigint(20) unsigned NOT NULL,
  `user_id` bigint(20) unsigned NOT NULL,
  `created_at` timestamp NULL DEFAULT NULL,
  `updated_at` timestamp NULL DEFAULT NULL,
  `deleted_at` timestamp NULL DEFAULT NULL,
  PRIMARY KEY (`id`),
  KEY `user_courses_course_id_foreign` (`course_id`),
  KEY `user_courses_user_id_foreign` (`user_id`),
  CONSTRAINT `user_courses_course_id_foreign` FOREIGN KEY (`course_id`) REFERENCES `courses` (`id`),
  CONSTRAINT `user_courses_user_id_foreign` FOREIGN KEY (`user_id`) REFERENCES `users` (`id`)
) ENGINE=InnoDB AUTO_INCREMENT=8 DEFAULT CHARSET=utf8mb4 COLLATE=utf8mb4_unicode_ci;
/*!40101 SET character_set_client = @saved_cs_client */;

--
-- Dumping data for table `user_courses`
--

LOCK TABLES `user_courses` WRITE;
/*!40000 ALTER TABLE `user_courses` DISABLE KEYS */;
INSERT INTO `user_courses` VALUES (1,3,3,'2020-06-04 23:19:01','2020-06-04 23:19:01',NULL),(2,3,4,'2020-06-04 23:47:23','2020-06-04 23:47:23',NULL),(3,3,6,'2020-06-05 19:29:45','2020-06-05 19:29:45',NULL),(4,3,9,'2020-06-05 19:31:29','2020-06-05 19:31:29',NULL),(5,3,306,'2020-06-06 00:26:46','2020-06-06 00:26:46',NULL),(6,3,13,'2020-06-06 00:30:58','2020-06-06 00:30:58',NULL),(7,3,14,'2020-06-06 00:30:58','2020-06-06 00:30:58',NULL);
/*!40000 ALTER TABLE `user_courses` ENABLE KEYS */;
UNLOCK TABLES;

--
-- Table structure for table `users`
--

DROP TABLE IF EXISTS `users`;
/*!40101 SET @saved_cs_client     = @@character_set_client */;
/*!40101 SET character_set_client = utf8 */;
CREATE TABLE `users` (
  `id` bigint(20) unsigned NOT NULL AUTO_INCREMENT,
  `name` varchar(100) COLLATE utf8mb4_unicode_ci NOT NULL,
  `firstname` varchar(100) COLLATE utf8mb4_unicode_ci DEFAULT NULL,
  `lastname` varchar(100) COLLATE utf8mb4_unicode_ci DEFAULT NULL,
  `email` varchar(100) COLLATE utf8mb4_unicode_ci NOT NULL,
  `email_verified_at` timestamp NULL DEFAULT NULL,
  `password` varchar(255) COLLATE utf8mb4_unicode_ci NOT NULL,
  `role` varchar(30) COLLATE utf8mb4_unicode_ci NOT NULL DEFAULT 'guest',
  `address` text COLLATE utf8mb4_unicode_ci DEFAULT NULL,
  `status` tinyint(4) DEFAULT 1,
  `remember_token` varchar(100) COLLATE utf8mb4_unicode_ci DEFAULT NULL,
  `created_at` timestamp NULL DEFAULT NULL,
  `updated_at` timestamp NULL DEFAULT NULL,
  `deleted_at` timestamp NULL DEFAULT NULL,
  PRIMARY KEY (`id`),
  UNIQUE KEY `users_email_unique` (`email`)
) ENGINE=InnoDB AUTO_INCREMENT=307 DEFAULT CHARSET=utf8mb4 COLLATE=utf8mb4_unicode_ci;
/*!40101 SET character_set_client = @saved_cs_client */;

--
-- Dumping data for table `users`
--

LOCK TABLES `users` WRITE;
/*!40000 ALTER TABLE `users` DISABLE KEYS */;
INSERT INTO `users` VALUES (1,'Admin','Administrator',NULL,'admin@e-learning.com',NULL,'$2y$10$eUkhUhL6IlH0XpXFp8T7bOjlcWnMf64UbkAqrUeGeRV.78nAtGsCK','admin',NULL,1,NULL,'2020-06-02 21:56:46','2020-06-05 19:33:31',NULL),(2,'Sample Lecturer',NULL,NULL,'lecturer@e-learning.com',NULL,'$2y$10$b0zzf53zMVqT53cVFfRLmu3S48ynltp2ODsNwNikDpA1/.6oyIlCu','admin',NULL,1,NULL,'2020-06-02 21:56:46','2020-06-02 21:56:46',NULL),(3,'Student',NULL,NULL,'student@e-learning.com',NULL,'$2y$10$0Wbp06X25tTNI593n5U1seu9ocbN87Ax6gGVqo.SrNRcIF8As/nmW','student',NULL,1,NULL,'2020-06-02 21:56:46','2020-06-02 21:56:46',NULL),(4,'howard.ziemann',NULL,NULL,'howard.ziemann@bergnaum.com','2020-06-19 00:00:00','$2y$10$LWTBY7Yk2UPg90xCA5xGWeu/IPrEvdTWPm45aIbWp8SBDBPhB4sXK','student',NULL,1,'40hYyWKXuB','2020-06-19 00:00:00','2020-06-02 21:57:07',NULL),(5,'robin.krajcik',NULL,NULL,'robin.krajcik@buckridge.com','2020-06-04 00:00:00','$2y$10$yaKhQgJVaUgczkgHRBwileyHEb4Ta2due8X8FUb55O/86tmvA1ixy','student',NULL,1,'yaEBXyJzDB','2020-06-04 00:00:00','2020-06-02 21:57:07',NULL),(6,'karmstrong',NULL,NULL,'karmstrong@collins.org','2020-06-28 00:00:00','$2y$10$g9rb0QaIMQCukUARgZdKVOQ.HVlqGtC5tC3g6FjhHmWs.n0rdTMuu','student',NULL,1,'XzPPhoYyBo','2020-06-28 00:00:00','2020-06-02 21:57:07',NULL),(7,'dhodkiewicz',NULL,NULL,'dhodkiewicz@hotmail.com','2020-04-22 00:00:00','$2y$10$0chEVI0Y0PZzy4l.0fwba.ujDGK79lVlOv5t/FpwSch8RS7jgYHTW','student',NULL,1,'qYoVrQrBLj','2020-04-22 00:00:00','2020-06-02 21:57:07',NULL),(8,'maurine.monahan',NULL,NULL,'maurine.monahan@yahoo.com','2020-05-27 00:00:00','$2y$10$6nRxb0Ekq6M.gASzpoKwpO71f.2QonRySqf4aCea2.W.P8QSp41aa','student',NULL,1,'4clZEI77Ta','2020-05-27 00:00:00','2020-06-02 21:57:07',NULL),(9,'nschmitt',NULL,NULL,'nschmitt@gmail.com','2020-03-11 00:00:00','$2y$10$z6R4BffvKXqe2Z2Z2QROKOQSN8h6/luuID0YXbF576ynJ1FO6kKCS','student',NULL,1,'qC2FNDbspz','2020-03-11 00:00:00','2020-06-02 21:57:07',NULL),(10,'dheidenreich',NULL,NULL,'dheidenreich@shanahan.com','2020-05-30 00:00:00','$2y$10$5VLQYCUD6CalQpeXDgOlE.zyY7kPkGBUQEW2eOzLkqwDfQsRaWdsa','student',NULL,1,'mDLcBp0337','2020-05-30 00:00:00','2020-06-02 21:57:07',NULL),(11,'greenholt.anastasia',NULL,NULL,'greenholt.anastasia@moen.com','2020-02-12 00:00:00','$2y$10$xTHYQrcenjD18oMv/2SoV.3Fu/NRyQrgLBeyDRA.K1ikUWPkTL/cG','student',NULL,1,'PrWyNfcnCL','2020-02-12 00:00:00','2020-06-02 21:57:07',NULL),(12,'kurt.paucek',NULL,NULL,'kurt.paucek@hills.net','2020-01-24 00:00:00','$2y$10$6iL.lQ5wz9fozAtaOfP.8OWdkRmcX0afTW2CeH5CdeHoHTDK3SX0W','student',NULL,1,'PTDRfDmQrR','2020-01-24 00:00:00','2020-06-02 21:57:07',NULL),(13,'collins.khalid',NULL,NULL,'collins.khalid@green.biz','2020-02-28 00:00:00','$2y$10$5I5XDICPc0nappZs.IqEgOJuXXHXCG6uBx5qz/3euA74M7GtyFXty','student',NULL,1,'1XQyyQcU0O','2020-02-28 00:00:00','2020-06-02 21:57:07',NULL),(14,'erwin20',NULL,NULL,'erwin20@kuhic.info','2020-02-04 00:00:00','$2y$10$fX0h6Sm9yRdy6WAPS8KC5eRdhdwQOQSq44GfipB4tvgVYcHo/lEpO','student',NULL,1,'ZJELqzJPOA','2020-02-04 00:00:00','2020-06-02 21:57:07',NULL),(15,'gerald32',NULL,NULL,'gerald32@yahoo.com','2020-07-04 00:00:00','$2y$10$XzMp1Hnm8s.dTPct3RTOQ.LZ3fMaQMwrXXe17NkEASB2TiJFNur/i','student',NULL,1,'7ANOMRkJRX','2020-07-04 00:00:00','2020-06-02 21:57:07',NULL),(16,'levi.zulauf',NULL,NULL,'levi.zulauf@zieme.com','2020-01-31 00:00:00','$2y$10$I4lyXsCxPn2OTUuF.xjnYeOhG1aud.FPwwEZ/rMIYjOrZS2qjlw8q','student',NULL,1,'cZJBT7NxoN','2020-01-31 00:00:00','2020-06-02 21:57:07',NULL),(17,'lueilwitz.filomena',NULL,NULL,'lueilwitz.filomena@breitenberg.info','2020-06-20 00:00:00','$2y$10$1jusJFp0uvbVKCqTTcP/TOsXlim3H58E3bN2htYJafisgkjSuA9ku','student',NULL,1,'fKNuwgiQsF','2020-06-20 00:00:00','2020-06-02 21:57:07',NULL),(18,'stoy',NULL,NULL,'stoy@wolff.com','2020-01-11 00:00:00','$2y$10$NVcjyEtrR/9lLWSe6316XuuUrZxuDDnbJq1QH3/zeSbIdi8SfGB7K','student',NULL,1,'BZL2aWkzV9','2020-01-11 00:00:00','2020-06-02 21:57:07',NULL),(19,'adan49',NULL,NULL,'adan49@gmail.com','2020-07-11 00:00:00','$2y$10$AOlZPqD7Ika13Y4itq1m2Oo7tSTJWZNelBpVe7J25O5Z74ntQf.sO','student',NULL,1,'6tMXbKi3Ou','2020-07-11 00:00:00','2020-06-02 21:57:07',NULL),(20,'bernadine.koelpin',NULL,NULL,'bernadine.koelpin@konopelski.org','2020-06-10 00:00:00','$2y$10$CoCFMhIgC1shFIeH3DdcJuEGtEkxajItLHVypXNYUfAEwkCuWRvX2','student',NULL,1,'ld6GI8a1CM','2020-06-10 00:00:00','2020-06-02 21:57:07',NULL),(21,'fdouglas',NULL,NULL,'fdouglas@rolfson.com','2020-04-09 00:00:00','$2y$10$9c37S4S8X7s7g4Rr22ktKuc9dRFfeuvVVz9Jiww0bcBCu.tnB/pLW','student',NULL,1,'sAeMZydJZ2','2020-04-09 00:00:00','2020-06-02 21:57:07',NULL),(22,'jacobi.esperanza',NULL,NULL,'jacobi.esperanza@hotmail.com','2020-06-11 00:00:00','$2y$10$XEB6cV9KyrA2.MwUekL4GudnXFNa3l6L05MMp76E/zaEpYr9Najd6','student',NULL,1,'YdHwyrnJ6D','2020-06-11 00:00:00','2020-06-02 21:57:07',NULL),(23,'britney26',NULL,NULL,'britney26@hotmail.com','2020-04-16 00:00:00','$2y$10$3VQiuxZbP8wF0p.KrPudr.khhw80ue0kBmP6vSs/WUgBEmeu..7aW','student',NULL,1,'GPSPPLd1k0','2020-04-16 00:00:00','2020-06-02 21:57:07',NULL),(24,'tremaine51',NULL,NULL,'tremaine51@hammes.info','2020-02-06 00:00:00','$2y$10$dHNl8ikGKplHTOSkxhVe9OxquIPJCk7vvP7.TacYF/TatDYP.2ROK','student',NULL,1,'7bK6uFDsOu','2020-02-06 00:00:00','2020-06-02 21:57:07',NULL),(25,'mkovacek',NULL,NULL,'mkovacek@hotmail.com','2020-02-04 00:00:00','$2y$10$AgMXcDCzoM3U4J5d09Nvue4rrJHAJXY7JHV04Zkg2syvTfMtAqRpG','student',NULL,1,'AkTMhHbOVe','2020-02-04 00:00:00','2020-06-02 21:57:07',NULL),(26,'daugherty.kenya',NULL,NULL,'daugherty.kenya@ziemann.com','2020-03-07 00:00:00','$2y$10$4aknxGQbVl1Fk1T928gBlupYssSa24U2aBfSRlSbjxMRwoPdgAnKC','student',NULL,1,'FzcSHxuKkt','2020-03-07 00:00:00','2020-06-02 21:57:07',NULL),(27,'belle.kilback',NULL,NULL,'belle.kilback@yahoo.com','2020-06-09 00:00:00','$2y$10$yWS7nw7ZNCF5kDwvOjw13eSegRoT6QKsivho8H4mEX/vwHdgBGEQG','student',NULL,1,'SfZ80begty','2020-06-09 00:00:00','2020-06-02 21:57:07',NULL),(28,'wgrant',NULL,NULL,'wgrant@braun.biz','2020-04-28 00:00:00','$2y$10$rPiIZ0tXkyXsw1rGBT64ZeBQXqmvEeMOy8EcfvFT/uL9Oo4kXUtO2','student',NULL,1,'dL4fgAaZP7','2020-04-28 00:00:00','2020-06-02 21:57:07',NULL),(29,'marielle.kohler',NULL,NULL,'marielle.kohler@gmail.com','2020-04-25 00:00:00','$2y$10$BZ5MEZFueUvnuzPUJ7eKrOxCUeaIt.Uo4M8X8C966q6FvP0Sh/H92','student',NULL,1,'u8sHnyBziJ','2020-04-25 00:00:00','2020-06-02 21:57:07',NULL),(30,'ross.ferry',NULL,NULL,'ross.ferry@hotmail.com','2020-04-21 00:00:00','$2y$10$hTTAtr.ma8kB0AfmMyopz.IVEb.j3tHocuSSWd1bGGtrgyfTe8zf.','student',NULL,1,'MSIzsZqTUQ','2020-04-21 00:00:00','2020-06-02 21:57:07',NULL),(31,'keebler.alda',NULL,NULL,'keebler.alda@hotmail.com','2020-01-28 00:00:00','$2y$10$eGoI5MGqH.BM9W0jpo/YDe6VV1HmgbuCT7mU1rldFUkMu5gZmlIna','student',NULL,1,'8R6nD7VV6W','2020-01-28 00:00:00','2020-06-02 21:57:07',NULL),(32,'janae30',NULL,NULL,'janae30@yahoo.com','2020-06-19 00:00:00','$2y$10$mvY2IQwEFXS46uLkK/.4tOu8Vj13PhST.LkwEQ9n6tSLnYgX7t2z6','student',NULL,1,'0UEovzC7Jp','2020-06-19 00:00:00','2020-06-02 21:57:07',NULL),(33,'friesen.rachelle',NULL,NULL,'friesen.rachelle@anderson.com','2020-01-09 00:00:00','$2y$10$6g5k5jc2gPZeWMJj3B.m6e1z2m2pOiKVxO3Y7LpoQeeaX5DsQbixe','student',NULL,1,'xVc0GozFpk','2020-01-09 00:00:00','2020-06-02 21:57:07',NULL),(34,'dibbert.kenyon',NULL,NULL,'dibbert.kenyon@gmail.com','2020-01-04 00:00:00','$2y$10$1nmdIfBq6dPG2v7W1YDvN.rIzJvBFY4fLao32UW4JKQN4Hg7Vd.Ia','student',NULL,1,'yFKv6KpSRs','2020-01-04 00:00:00','2020-06-02 21:57:07',NULL),(35,'elisa.goyette',NULL,NULL,'elisa.goyette@strosin.biz','2020-07-01 00:00:00','$2y$10$SZ8UvPhzfmdkVR4Ip/MROu4Gx5J1n/NH5rDpuZLIwy4zQUPbIoeZu','student',NULL,1,'ec3wj85B2a','2020-07-01 00:00:00','2020-06-02 21:57:07',NULL),(36,'phessel',NULL,NULL,'phessel@smith.org','2020-01-16 00:00:00','$2y$10$C7YCDbm7YFsUWfSKkVuoP.wUWrFujBq3RltRjvvBMehLxXLnzZ4Lm','student',NULL,1,'gdxUVIoLIZ','2020-01-16 00:00:00','2020-06-02 21:57:07',NULL),(37,'cora74',NULL,NULL,'cora74@gmail.com','2020-01-24 00:00:00','$2y$10$694.TlpCijyKSlDSPyjtouInOFLgs4JvkRQ8.TFLURXrcQHE7b0Im','student',NULL,1,'7XzqawS7fd','2020-01-24 00:00:00','2020-06-02 21:57:07',NULL),(38,'favian.fisher',NULL,NULL,'favian.fisher@nolan.biz','2020-03-11 00:00:00','$2y$10$5iEEbhHhlLeWkSCGTeA8XemQAIYm//0wBv0ilXeptohwh0aaxR6gO','student',NULL,1,'8JjS1lgMRd','2020-03-11 00:00:00','2020-06-02 21:57:07',NULL),(39,'neil49',NULL,NULL,'neil49@huel.net','2020-04-14 00:00:00','$2y$10$R7wpVLsZTRTdrMaeCVa3yOTSqSlD1whJvHMlnZhk94rs8/SQlQMAW','student',NULL,1,'VrdfBiDQ9c','2020-04-14 00:00:00','2020-06-02 21:57:07',NULL),(40,'hailey91',NULL,NULL,'hailey91@greenholt.com','2020-06-16 00:00:00','$2y$10$LQvMS6CD.UHokTZ85XGelenQduKrMok3zJGxVD8kBAhmIwWltt1Jy','student',NULL,1,'GIQayg1zaP','2020-06-16 00:00:00','2020-06-02 21:57:07',NULL),(41,'kailey80',NULL,NULL,'kailey80@hotmail.com','2020-02-13 00:00:00','$2y$10$2.pxl720gp1zy81L9E7uqehPl9XLm6dfqst55l4t0ASKNV42X1S3K','student',NULL,1,'fgu06JmJlv','2020-02-13 00:00:00','2020-06-02 21:57:07',NULL),(42,'cynthia24',NULL,NULL,'cynthia24@stracke.biz','2020-01-15 00:00:00','$2y$10$JfBUj3ijA/V1nEH5A.dKku1hY0sZPHbjeoYse0.eEAChweA0gpjBu','student',NULL,1,'Xvt8mVWWrD','2020-01-15 00:00:00','2020-06-02 21:57:07',NULL),(43,'lue44',NULL,NULL,'lue44@gmail.com','2020-06-25 00:00:00','$2y$10$LaAvDBeSk8wU3uFrOf4RZOPBvk.nk.mNeiViS80/8V8FsUWMNBJWu','student',NULL,1,'1XRBwdtUUv','2020-06-25 00:00:00','2020-06-02 21:57:07',NULL),(44,'bdonnelly',NULL,NULL,'bdonnelly@hotmail.com','2020-05-08 00:00:00','$2y$10$SV9mKdsn6DwDpiqgYI.OhOXeW.gy3NPDAjpvDf7jlCQIaqKVfFFhm','student',NULL,1,'lltl9nXqNL','2020-05-08 00:00:00','2020-06-02 21:57:07',NULL),(45,'lynch.jane',NULL,NULL,'lynch.jane@yahoo.com','2020-01-31 00:00:00','$2y$10$oF8ooSGuVJLu1G/2pzbHkOb8XihJZXPfscvnfSyuv/EpNKm14n3Gm','student',NULL,1,'6io4elkTwF','2020-01-31 00:00:00','2020-06-02 21:57:07',NULL),(46,'patrick.bernier',NULL,NULL,'patrick.bernier@hotmail.com','2020-04-03 00:00:00','$2y$10$Q/vXZb3ak6E0A4BVe5FafeT4mOr8Sd4ZHGzzCOrGZmWoEwxXR13p.','student',NULL,1,'8PoN2n4Cs3','2020-04-03 00:00:00','2020-06-02 21:57:07',NULL),(47,'aliza.sauer',NULL,NULL,'aliza.sauer@carter.com','2020-02-11 00:00:00','$2y$10$O09LGneqWEbVXtSLdzkGm.cb9hIe7axOeTLyCrvS76UhiQhJS/2iy','student',NULL,1,'zFC4rOnEOR','2020-02-11 00:00:00','2020-06-02 21:57:07',NULL),(48,'ludwig71',NULL,NULL,'ludwig71@hotmail.com','2020-02-18 00:00:00','$2y$10$M7rtHxW9PYIJRvHkduH6DuoGMJN4geXlrGALYOgBcy5w0omjzV8x.','student',NULL,1,'4wwnjZJj92','2020-02-18 00:00:00','2020-06-02 21:57:07',NULL),(49,'bernhard.emma',NULL,NULL,'bernhard.emma@runolfsson.com','2020-01-22 00:00:00','$2y$10$1FBf4aS4XdGholIYRlx9p.0W0T5xVmwSunZAwUdGJLqK3wxx.wc7W','student',NULL,1,'vkcmvQVcFg','2020-01-22 00:00:00','2020-06-02 21:57:07',NULL),(50,'quitzon.cecile',NULL,NULL,'quitzon.cecile@hotmail.com','2020-01-05 00:00:00','$2y$10$mBJA12D3zXLlVZ5WIyhdCeUJMPmsOssFdHW8AaL/ZzkDuDchPbLDO','student',NULL,1,'G4g8ck3Val','2020-01-05 00:00:00','2020-06-02 21:57:07',NULL),(51,'yvonne.gusikowski',NULL,NULL,'yvonne.gusikowski@yahoo.com','2020-04-27 00:00:00','$2y$10$roNpegdrLsZqf93LNZ3.3.LbTy/rSV2Z/mkxq0Dyft/wFO.15TTB.','student',NULL,1,'7Qyn5EuvFo','2020-04-27 00:00:00','2020-06-02 21:57:07',NULL),(52,'philpert',NULL,NULL,'philpert@moen.org','2020-02-11 00:00:00','$2y$10$2eTV0dC5n/d.8hTSQAObO.GL8od53w7BtE63psjnI4abAYIItLuxi','student',NULL,1,'T0FgJ9cF9k','2020-02-11 00:00:00','2020-06-02 21:57:07',NULL),(53,'rolfson.leopold',NULL,NULL,'rolfson.leopold@ohara.com','2020-03-01 00:00:00','$2y$10$R7XDJuoHzNGaXd5r9bXaI.BOzbXGS5nza0UTH3fYPVD39fnwfk.FS','student',NULL,1,'XMpUoCmBHi','2020-03-01 00:00:00','2020-06-02 21:57:07',NULL),(54,'mariano.schumm',NULL,NULL,'mariano.schumm@yahoo.com','2020-06-14 00:00:00','$2y$10$3NQpd8rVL74Yts2rd7VnTeIAFG2fZ7s8sE5hO2jycrcmg9oLpPsWq','student',NULL,1,'7gWC14kBL4','2020-06-14 00:00:00','2020-06-02 21:57:07',NULL),(55,'roman.schamberger',NULL,NULL,'roman.schamberger@rice.com','2020-04-26 00:00:00','$2y$10$dN0ewefci1QCAGDRmiOjwuaSyLUxa/MMD8/Rvd5ZwAFq0SrptWLsG','student',NULL,1,'9U5eQ5wf0p','2020-04-26 00:00:00','2020-06-02 21:57:07',NULL),(56,'tomas.schinner',NULL,NULL,'tomas.schinner@hane.com','2020-06-25 00:00:00','$2y$10$rFc1m6Ei.YM4PkdQhw8EqutrW0a5X4sDXwJy8xOHkkekDOTFmpUq2','student',NULL,1,'LwzJU2rYbs','2020-06-25 00:00:00','2020-06-02 21:57:07',NULL),(57,'gmayer',NULL,NULL,'gmayer@murazik.com','2020-02-02 00:00:00','$2y$10$CG6WnqSDdoYuAe31imo6/uRMgLwzfv2QMWcEGIy8WxtoYLKMY8LoO','student',NULL,1,'C46wqQDEFk','2020-02-02 00:00:00','2020-06-02 21:57:07',NULL),(58,'schulist.sophie',NULL,NULL,'schulist.sophie@feeney.com','2020-02-06 00:00:00','$2y$10$OZ6hLiBlkbDHkI497BansO4p8PCiVMaxelaMJAY3VGTpcz0T8msv2','student',NULL,1,'E0HQjmz5dJ','2020-02-06 00:00:00','2020-06-02 21:57:07',NULL),(59,'vheaney',NULL,NULL,'vheaney@yahoo.com','2020-05-19 00:00:00','$2y$10$.XezlS6I0RVnFRduhhDTBumnlUe8DGGlJcyRaP20.cEe0vPrp8Dey','student',NULL,1,'XBcLWheUQD','2020-05-19 00:00:00','2020-06-02 21:57:07',NULL),(60,'teffertz',NULL,NULL,'teffertz@graham.com','2020-02-12 00:00:00','$2y$10$PUIumbbfP2FxhpKnTSjZceaA6IRUupRqbAkWClkFnM70i47m236EK','student',NULL,1,'QKfZrbOZND','2020-02-12 00:00:00','2020-06-02 21:57:07',NULL),(61,'kristoffer18',NULL,NULL,'kristoffer18@rutherford.com','2020-05-11 00:00:00','$2y$10$TZ..WZrUw.rWtxVclZOtSuFIqBtAeqZ8eLucLTgQsdKvkzQomJQ/6','student',NULL,1,'eitN2ZbXUJ','2020-05-11 00:00:00','2020-06-02 21:57:07',NULL),(62,'ahmed.toy',NULL,NULL,'ahmed.toy@hotmail.com','2020-01-08 00:00:00','$2y$10$DSzNhJ9dtFucfwvkqBuKi.Ekr7nGwTDNOUq1M7Jyo/a4l.rflz/r2','student',NULL,1,'u19rJZqi8x','2020-01-08 00:00:00','2020-06-02 21:57:07',NULL),(63,'rtreutel',NULL,NULL,'rtreutel@altenwerth.org','2020-07-07 00:00:00','$2y$10$C4KCzoEEI8DA.ivH3xcO1OpXqms1JBpsJz24NpQkb5tiMIwzTdxL6','student',NULL,1,'SWrdUQWCxe','2020-07-07 00:00:00','2020-06-02 21:57:07',NULL),(64,'keebler.norberto',NULL,NULL,'keebler.norberto@hotmail.com','2020-02-29 00:00:00','$2y$10$Vj/n3zr.i67UMDOmVjEt3.bLbBK9txl/y5dT28mEPvqEBdtaVLsnm','student',NULL,1,'WsX0Hq2mQM','2020-02-29 00:00:00','2020-06-02 21:57:07',NULL),(65,'tweimann',NULL,NULL,'tweimann@hotmail.com','2020-02-22 00:00:00','$2y$10$j9m.ktjp.z1xUQUxp1DujuQ4z8jWo6JyRjLcl0dewNVO9HD.YJZ7m','student',NULL,1,'WGYDcDdQ3H','2020-02-22 00:00:00','2020-06-02 21:57:07',NULL),(66,'mberge',NULL,NULL,'mberge@yahoo.com','2020-06-12 00:00:00','$2y$10$doyGvTrv99W3SGRYvXt/xe0iqDnrO.QUrWZ5kzzz/7QCvnWOlT0dy','student',NULL,1,'ZQiTTN9CCm','2020-06-12 00:00:00','2020-06-02 21:57:07',NULL),(67,'myah.vandervort',NULL,NULL,'myah.vandervort@russel.biz','2020-06-26 00:00:00','$2y$10$3R8Fdqdl.du5aXN9Kng9yeKchx1Kdh44HKR7RgjI5ZYfOfklPlUe2','student',NULL,1,'5a0zOTaEcV','2020-06-26 00:00:00','2020-06-02 21:57:07',NULL),(68,'kboehm',NULL,NULL,'kboehm@rempel.org','2020-03-02 00:00:00','$2y$10$qjszkVSGta1SaaBj.yCT5.CtB/I760LFaCmfIsBCP3pjQRvozV/NS','student',NULL,1,'K6hAkL1f8r','2020-03-02 00:00:00','2020-06-02 21:57:07',NULL),(69,'renner.alexane',NULL,NULL,'renner.alexane@rice.org','2020-03-04 00:00:00','$2y$10$jSLu4PplXmGstSKezRIXd.OP7eUx6l/Y3Rjgfr91k7w1jPfV5PKky','student',NULL,1,'nI3zqBdp7u','2020-03-04 00:00:00','2020-06-02 21:57:07',NULL),(70,'ratke.dorris',NULL,NULL,'ratke.dorris@emmerich.com','2020-05-23 00:00:00','$2y$10$HT1V.spwrVgCX3xykAWoZOxuZkQhvPlKGVUE0sC3iscQdZUVByyh6','student',NULL,1,'6D3xSaHrHZ','2020-05-23 00:00:00','2020-06-02 21:57:07',NULL),(71,'chester.mccullough',NULL,NULL,'chester.mccullough@gmail.com','2020-04-01 00:00:00','$2y$10$is8EAIZb/azvCliY3ssTOu.WvkiF/KIw1YSwoYHiQuc3kSgQrAPWG','student',NULL,1,'lkcohb9ctK','2020-04-01 00:00:00','2020-06-02 21:57:07',NULL),(72,'alfonzo34',NULL,NULL,'alfonzo34@braun.com','2020-03-03 00:00:00','$2y$10$6i1yFHvW/Kbav5rn4hGJlu9PyA8/6rST1AUqMHk/Yw5KAxLnYUiju','student',NULL,1,'7F7uWGNS7N','2020-03-03 00:00:00','2020-06-02 21:57:07',NULL),(73,'petra02',NULL,NULL,'petra02@feil.com','2020-03-03 00:00:00','$2y$10$NG29NMUrXwKds6v6Wf2ezetG2azXLuGMGv.P.2QrodadMtTqWf1xy','student',NULL,1,'RJwsXhtCTA','2020-03-03 00:00:00','2020-06-02 21:57:07',NULL),(74,'tom37',NULL,NULL,'tom37@robel.org','2020-04-11 00:00:00','$2y$10$kLuyqAR/zR/cFjS6XZ9djemTjU8rJltx.R4TTDLvm37CwSlZaPpGO','student',NULL,1,'KR1VRp895z','2020-04-11 00:00:00','2020-06-02 21:57:07',NULL),(75,'leda.christiansen',NULL,NULL,'leda.christiansen@gmail.com','2020-03-14 00:00:00','$2y$10$ozppD0SFB.6zGDWP91TGJ.zsznsqkT1aCrcI1I57oVXBd2KyV26Iu','student',NULL,1,'RJj6Bee5tr','2020-03-14 00:00:00','2020-06-02 21:57:07',NULL),(76,'lind.frederique',NULL,NULL,'lind.frederique@wehner.com','2020-05-10 00:00:00','$2y$10$eQLzr.Q16jbqZj9Kvd75Ru7r8v6uUPWHojb0dXHvlx8Gg3zCx8uVu','student',NULL,1,'73ZYkHEX8n','2020-05-10 00:00:00','2020-06-02 21:57:07',NULL),(77,'constantin.huel',NULL,NULL,'constantin.huel@hotmail.com','2020-03-03 00:00:00','$2y$10$ze96b.ZAP9QFPVbOtzykVeoJ3nA.xQDJ8LoKqM1b0fCOSeRwE6q1C','student',NULL,1,'d8132hLS0d','2020-03-03 00:00:00','2020-06-02 21:57:07',NULL),(78,'ed28',NULL,NULL,'ed28@beahan.com','2020-05-29 00:00:00','$2y$10$el/xd//QQJDNJzh3p9SmtOIp47vj6e3uU5H1Vs0Cx3v0zNgn3fm/C','student',NULL,1,'o0fByXRE07','2020-05-29 00:00:00','2020-06-02 21:57:07',NULL),(79,'otho21',NULL,NULL,'otho21@gmail.com','2020-01-06 00:00:00','$2y$10$yySYJTl3ebJECfNiZeAuOunQUA7mu2gFG/h/sIr9UYrb/DkLDTKT6','student',NULL,1,'SCBhZCXIZy','2020-01-06 00:00:00','2020-06-02 21:57:07',NULL),(80,'eriberto83',NULL,NULL,'eriberto83@yahoo.com','2020-01-07 00:00:00','$2y$10$jDOQOg7llifcPGmfqXwgPO2xz0wXIMvUF6ilU.K65NT/yyAokGcRq','student',NULL,1,'Pi6lob9dVO','2020-01-07 00:00:00','2020-06-02 21:57:07',NULL),(81,'weimann.assunta',NULL,NULL,'weimann.assunta@yahoo.com','2020-07-06 00:00:00','$2y$10$j46O.umiDkBtFmMubn/qBurJ4jS8KY0FtWrvRYwrwjzOme3CM3RL6','student',NULL,1,'jdA9bYtlqq','2020-07-06 00:00:00','2020-06-02 21:57:07',NULL),(82,'courtney.kuhlman',NULL,NULL,'courtney.kuhlman@emard.biz','2020-05-21 00:00:00','$2y$10$.Z2uAUhRXzLq/TQHivwqVONaaCe0oco8GKqTxScrR4XXNAa2yR0j2','student',NULL,1,'lPJmNslu6M','2020-05-21 00:00:00','2020-06-02 21:57:07',NULL),(83,'verdie14',NULL,NULL,'verdie14@yahoo.com','2020-02-17 00:00:00','$2y$10$l5I5EsqOgXfkNAHk10idUOyoZAnrgGA96k34HMS2aVV0O2SYSvZCe','student',NULL,1,'Ji4zI15MEK','2020-02-17 00:00:00','2020-06-02 21:57:07',NULL),(84,'donato.heller',NULL,NULL,'donato.heller@gmail.com','2020-03-25 00:00:00','$2y$10$S5fgeEFhAyKw2exaFvAysO5upAwtdtUu42e6Cb6.Od8Ud09CI8Amu','student',NULL,1,'aF2P3iDjZI','2020-03-25 00:00:00','2020-06-02 21:57:07',NULL),(85,'melyna.kovacek',NULL,NULL,'melyna.kovacek@hotmail.com','2020-06-24 00:00:00','$2y$10$xqjh4e7V8fi2/3wcHtPl1uwdPmWMtyFqx4TV6wc..GhlJdobbNWRG','student',NULL,1,'nVwYIeSHFd','2020-06-24 00:00:00','2020-06-02 21:57:07',NULL),(86,'anabel.wiegand',NULL,NULL,'anabel.wiegand@fisher.com','2020-01-14 00:00:00','$2y$10$Y/OOWb8p6gYgG6I4wjEFPOTWj6.hFH4QXH.QgLmEN9ZLZnlPhTMvu','student',NULL,1,'9gL5chMGpP','2020-01-14 00:00:00','2020-06-02 21:57:07',NULL),(87,'wisozk.josianne',NULL,NULL,'wisozk.josianne@hotmail.com','2020-01-16 00:00:00','$2y$10$Bu4oIG0qwqUSiYYtEoSg2eEdhEmIjdS9fvLyjKM4OESuudDDe2imu','student',NULL,1,'WePWim63Sq','2020-01-16 00:00:00','2020-06-02 21:57:07',NULL),(88,'pjohnston',NULL,NULL,'pjohnston@gmail.com','2020-05-30 00:00:00','$2y$10$Zr2p.MjA3XMxKcsYGRVZKOUydqt.S03fNF4CfJHHEuTmAAUtd1Enu','student',NULL,1,'moOQibawin','2020-05-30 00:00:00','2020-06-02 21:57:07',NULL),(89,'fzboncak',NULL,NULL,'fzboncak@mcdermott.biz','2020-07-13 00:00:00','$2y$10$/IcM2CZn0XwYo1e3bqhk5.nHFdU0hd2rZkuzfnNSabg.pRIrVxGiK','student',NULL,1,'EVdgXNvDre','2020-07-13 00:00:00','2020-06-02 21:57:07',NULL),(90,'queenie60',NULL,NULL,'queenie60@hotmail.com','2020-06-18 00:00:00','$2y$10$THwWRQ9Ee5kRacpJXNR.w.pJ/fSi6yJvtALf9le4YNpAK00cwg/s2','student',NULL,1,'YwKgkkxtg5','2020-06-18 00:00:00','2020-06-02 21:57:07',NULL),(91,'predovic.ola',NULL,NULL,'predovic.ola@hotmail.com','2020-01-31 00:00:00','$2y$10$bX./XgTOluAFqFHciITLNOki4q29nQ3lgJpQ1avzQS5u3HwMhg0sy','student',NULL,1,'1gvcCTc6w9','2020-01-31 00:00:00','2020-06-02 21:57:07',NULL),(92,'tbuckridge',NULL,NULL,'tbuckridge@yahoo.com','2020-02-29 00:00:00','$2y$10$R3QbOSzvGGOtC7ub60Pou.ul8.bES837dXESV3819rYRW4Psc32Se','student',NULL,1,'2dixHXJpyC','2020-02-29 00:00:00','2020-06-02 21:57:07',NULL),(93,'kunze.regan',NULL,NULL,'kunze.regan@kunde.com','2020-07-13 00:00:00','$2y$10$qdttEHST39GKqvbX9WoEJeAoxVw7LVgTpe5MMeTJE0xIDG0ip1oRa','student',NULL,1,'i9WlYi88iI','2020-07-13 00:00:00','2020-06-02 21:57:07',NULL),(94,'ydaugherty',NULL,NULL,'ydaugherty@hotmail.com','2020-02-13 00:00:00','$2y$10$LJKVUW87ZbYEA6.HxDXtzehRcxjD/FCXVgHBToeBRMwIOS0Xl0ZNC','student',NULL,1,'LB4AqM8549','2020-02-13 00:00:00','2020-06-02 21:57:08',NULL),(95,'myah60',NULL,NULL,'myah60@rippin.com','2020-07-17 00:00:00','$2y$10$KGJ.nR4vf7l6VyVs2EqIFOKpcEXjn2XT09/90bzpt5LawtfN.eRq.','student',NULL,1,'rXIPvGXeDD','2020-07-17 00:00:00','2020-06-02 21:57:08',NULL),(96,'selena02',NULL,NULL,'selena02@yahoo.com','2020-07-06 00:00:00','$2y$10$vWDOY8PAPHeb0nv.ZdmxSung.dthZUj.554LocH7W73O8ynTZe0L.','student',NULL,1,'1dYqZIoIfK','2020-07-06 00:00:00','2020-06-02 21:57:08',NULL),(97,'glover.jacklyn',NULL,NULL,'glover.jacklyn@gmail.com','2020-03-25 00:00:00','$2y$10$ieo9CapqDVmYMfWsJqXUAemXwpdHPL0fPgbaazvlowIFvCbIWpUFi','student',NULL,1,'ZACL7XN9XY','2020-03-25 00:00:00','2020-06-02 21:57:08',NULL),(98,'wtoy',NULL,NULL,'wtoy@hotmail.com','2020-01-11 00:00:00','$2y$10$FXGfrKq2GtniXH45uPeEZeCf0.dT4jiv1wOdY8MARFOW9RwV5HTjG','student',NULL,1,'lx5dHmP7Nm','2020-01-11 00:00:00','2020-06-02 21:57:08',NULL),(99,'eolson',NULL,NULL,'eolson@kuhlman.info','2020-06-06 00:00:00','$2y$10$hBSNIfSwS048mF8RjYJAKu5oG.BJj7C7/kzpD/oT7toewn9l3gwbm','student',NULL,1,'xwXlGfBHMN','2020-06-06 00:00:00','2020-06-02 21:57:08',NULL),(100,'lbogan',NULL,NULL,'lbogan@hotmail.com','2020-02-26 00:00:00','$2y$10$h3rF12bofBq5LiPIb/ie8OLZk8cyvUnl/OS74cXYtcjpIP3//bXtu','student',NULL,1,'mgGIv9DXQV','2020-02-26 00:00:00','2020-06-02 21:57:08',NULL),(101,'rau.reggie',NULL,NULL,'rau.reggie@haag.com','2020-06-30 00:00:00','$2y$10$ZRfF54BB2TaZAkHQuUPPaOGR7UPa4zC3Q7q44vvD4tRljcFtbiQd6','student',NULL,1,'IwbycIvRcx','2020-06-30 00:00:00','2020-06-02 21:57:08',NULL),(102,'sean.herzog',NULL,NULL,'sean.herzog@yahoo.com','2020-05-13 00:00:00','$2y$10$z4RLm4z2..apJww.78vJnuxWqOCKwgyGEU3Zh3FvuH2KkGZgxfDoO','student',NULL,1,'Cb4CkmgpJc','2020-05-13 00:00:00','2020-06-02 21:57:08',NULL),(103,'cydney68',NULL,NULL,'cydney68@conn.net','2020-06-19 00:00:00','$2y$10$5beUjnNatzwTDPuspnTSkOisNlwglO7KG9jBEDJVX9.WdsoQg6L0e','student',NULL,1,'JkRG6VHTQG','2020-06-19 00:00:00','2020-06-02 21:57:08',NULL),(104,'elise.lind',NULL,NULL,'elise.lind@mclaughlin.net','2020-06-11 00:00:00','$2y$10$ujWeQxAA8bGKedoUwNcsSO5N63O3L4WhVrwzQZRFVFb.ej2aHWKre','student',NULL,1,'Rr0YXg4Q72','2020-06-11 00:00:00','2020-06-02 21:57:08',NULL),(105,'jevon79',NULL,NULL,'jevon79@johnston.biz','2020-03-10 00:00:00','$2y$10$8OX8fvTaWA/px12J5F.M8e0Xg0QYU1pfRnu/PK8J8ez101XSwRgRy','student',NULL,1,'lHDTvWcy5n','2020-03-10 00:00:00','2020-06-02 21:57:08',NULL),(106,'gillian.batz',NULL,NULL,'gillian.batz@kutch.com','2020-04-25 00:00:00','$2y$10$uGvmJRqd1pM01OYE8LmezO48yZV9/QqbitAGicNAghD5Z.NtQI.tO','student',NULL,1,'wcy5RQiOG8','2020-04-25 00:00:00','2020-06-02 21:57:08',NULL),(107,'liliana.toy',NULL,NULL,'liliana.toy@yahoo.com','2020-05-25 00:00:00','$2y$10$pS/lv2P1ovABz3WfeBmrgOP7eJ9awWkeIo2c6zVHikV6y/c4GWwkO','student',NULL,1,'FlZuYy53FC','2020-05-25 00:00:00','2020-06-02 21:57:08',NULL),(108,'jade.hettinger',NULL,NULL,'jade.hettinger@hodkiewicz.com','2020-02-20 00:00:00','$2y$10$tAo35aldNHGM26vhahOfFe6UQ3ndqLNcFSBTDdTs7/CP.s46vLLW6','student',NULL,1,'mrOyyyqeh4','2020-02-20 00:00:00','2020-06-02 21:57:08',NULL),(109,'xgoldner',NULL,NULL,'xgoldner@howe.com','2020-02-16 00:00:00','$2y$10$MDC5Z5fkvHV9PrNfYcHVvupaLT9iiUrRl5BD9T2GzJ6QdYiVIiB8G','student',NULL,1,'GG7A1iQktc','2020-02-16 00:00:00','2020-06-02 21:57:08',NULL),(110,'xgerlach',NULL,NULL,'xgerlach@lind.com','2020-02-23 00:00:00','$2y$10$QY2lbZeBDHOYDqqtH1AAtOvfEHLD2L3VW8pYH2HJzGWW63h9rphJm','student',NULL,1,'BLp2jpWpOx','2020-02-23 00:00:00','2020-06-02 21:57:08',NULL),(111,'leila22',NULL,NULL,'leila22@gmail.com','2020-02-10 00:00:00','$2y$10$1rw6SZWPlvFyrDO4Oz7LG.RmGjvDevil27jWSOIHHWePmiU0FyHxG','student',NULL,1,'3FinT5skTh','2020-02-10 00:00:00','2020-06-02 21:57:08',NULL),(112,'rbecker',NULL,NULL,'rbecker@lebsack.com','2020-03-16 00:00:00','$2y$10$uIyxQwDTqdO3GHiZgud65eK2Z8afbXBChxqMP06IZe6naweQCi3EK','student',NULL,1,'2RHgCvoMIC','2020-03-16 00:00:00','2020-06-02 21:57:08',NULL),(113,'thompson.osborne',NULL,NULL,'thompson.osborne@robel.com','2020-04-28 00:00:00','$2y$10$.NPbhBMdN6zhMlY1jwvUGuydMgf6.CKnxblL/b2/nO1zF2.3ti112','student',NULL,1,'zTE5GbB8TY','2020-04-28 00:00:00','2020-06-02 21:57:08',NULL),(114,'rasheed03',NULL,NULL,'rasheed03@haag.com','2020-05-22 00:00:00','$2y$10$v7DDWJVE5fLzI.ii5vCsaeVKPS50OhVIwj3C8xuuJvOr5v0YxedDq','student',NULL,1,'J5B2PR7dAK','2020-05-22 00:00:00','2020-06-02 21:57:08',NULL),(115,'mattie.grant',NULL,NULL,'mattie.grant@hotmail.com','2020-03-21 00:00:00','$2y$10$5CIBQeXz2SVjB2whMiES4.d6PGTAA.6HNpapLI3KUpXfW8RylS2Ji','student',NULL,1,'GBllEibBVH','2020-03-21 00:00:00','2020-06-02 21:57:08',NULL),(116,'oswaldo.altenwerth',NULL,NULL,'oswaldo.altenwerth@senger.com','2020-04-05 00:00:00','$2y$10$o5Knw8yYaAnuuObOHcUufusvZgABcrNYGSvFwvsOhb.VKyi/d2Yoa','student',NULL,1,'HYP6bvR6xa','2020-04-05 00:00:00','2020-06-02 21:57:08',NULL),(117,'hborer',NULL,NULL,'hborer@yahoo.com','2020-05-12 00:00:00','$2y$10$uVfhDenIZpTgGkJMK0BGXeSRCFL0MeUZG/uApT.1.uZvqfHVztZMy','student',NULL,1,'SwsXfrXWfl','2020-05-12 00:00:00','2020-06-02 21:57:08',NULL),(118,'breanna.leuschke',NULL,NULL,'breanna.leuschke@gmail.com','2020-02-13 00:00:00','$2y$10$lFwu8S2TFmN3yVz1OCWrjuf5DS9JwAgUf1mK3GYXVa3Q2iCV2.YEC','student',NULL,1,'JFKnwP9M82','2020-02-13 00:00:00','2020-06-02 21:57:08',NULL),(119,'fkilback',NULL,NULL,'fkilback@gleason.com','2020-06-29 00:00:00','$2y$10$Dbz9toj/FBzKPrO.5eDxBO2YaAZdmAHbyavo1bPMEDwSOhT/N6t1G','student',NULL,1,'dwPaoPccY8','2020-06-29 00:00:00','2020-06-02 21:57:08',NULL),(120,'aniya07',NULL,NULL,'aniya07@gmail.com','2020-01-12 00:00:00','$2y$10$datSYdmlmRAf7YTxTq9a9eWxOg1y6ezj.LMasZwR5NJnUKOsQezNW','student',NULL,1,'Dsl2j5bXFv','2020-01-12 00:00:00','2020-06-02 21:57:08',NULL),(121,'antwan34',NULL,NULL,'antwan34@gmail.com','2020-02-19 00:00:00','$2y$10$okZLOUjEeMu0R5pWiF5GBeYIhDL10yhD/nvkGaQ7SU6S5keG1Zkkq','student',NULL,1,'ZLqQZfmGRX','2020-02-19 00:00:00','2020-06-02 21:57:08',NULL),(122,'lelah17',NULL,NULL,'lelah17@conn.com','2020-01-03 00:00:00','$2y$10$1GI.qIy1CqUonJrna0ePde3eEmlWkuT0nGoJDSQaaul/TTjDDhO7G','student',NULL,1,'ifnib46iGS','2020-01-03 00:00:00','2020-06-02 21:57:08',NULL),(123,'yemard',NULL,NULL,'yemard@leffler.com','2020-07-03 00:00:00','$2y$10$7rIYrhkYqsJf8VrgGmRuYOUUuXzBMJEdkq8EtXu0bIZRhBNvYHtE6','student',NULL,1,'YJvvYcaAnb','2020-07-03 00:00:00','2020-06-02 21:57:08',NULL),(124,'ole.mayer',NULL,NULL,'ole.mayer@goodwin.com','2020-05-25 00:00:00','$2y$10$hg053Njs7oWm3CERQvfVQeBfF8uz3yXCZmdla6chDHiiGYofW47y2','student',NULL,1,'KpridN0rW7','2020-05-25 00:00:00','2020-06-02 21:57:08',NULL),(125,'kristian.schamberger',NULL,NULL,'kristian.schamberger@gmail.com','2020-06-21 00:00:00','$2y$10$ooAXaieTneyBqA72k6nua.PkvtmVgH.I3t6TQNbqygv9OL2k4FLvm','student',NULL,1,'rm4RzasDtj','2020-06-21 00:00:00','2020-06-02 21:57:08',NULL),(126,'loy.grant',NULL,NULL,'loy.grant@gerlach.com','2020-01-20 00:00:00','$2y$10$Fp2JJNs.8TePhiflm42gm.hqtLudCLue7KyCoYCFDbcziYmnDLkPW','student',NULL,1,'GcDfFaobt9','2020-01-20 00:00:00','2020-06-02 21:57:08',NULL),(127,'ken.collins',NULL,NULL,'ken.collins@hauck.com','2020-01-21 00:00:00','$2y$10$.GCK/vby7GpAG9gyXw/JTujiNKDvp1c6UXPVQMLYSyVLuB.UUjWJC','student',NULL,1,'YLUJWHNLa3','2020-01-21 00:00:00','2020-06-02 21:57:08',NULL),(128,'aliza57',NULL,NULL,'aliza57@yahoo.com','2020-03-28 00:00:00','$2y$10$kr8MX6Qu4NS5vgWzyJd8wuxAOWYwbILp8zruPJAr2FsfaQBM7vpe6','student',NULL,1,'kOL5lm9xrx','2020-03-28 00:00:00','2020-06-02 21:57:08',NULL),(129,'waelchi.lacey',NULL,NULL,'waelchi.lacey@yahoo.com','2020-06-28 00:00:00','$2y$10$e6Ub/RlhRk89DDEtdHlnWec8c7EjZYbvAn9DVbJySpecIZy8Uv9mi','student',NULL,1,'KAXjR638F0','2020-06-28 00:00:00','2020-06-02 21:57:08',NULL),(130,'sonya94',NULL,NULL,'sonya94@graham.com','2020-06-08 00:00:00','$2y$10$p.JZTwMiFZ44ofHxIjTvLODim1zfUFji4p4fAJlp6s3Y9oLzUXrY2','student',NULL,1,'D8ujO1gwTN','2020-06-08 00:00:00','2020-06-02 21:57:08',NULL),(131,'pkeebler',NULL,NULL,'pkeebler@hotmail.com','2020-01-22 00:00:00','$2y$10$GVz4Vkp6aVrQucsPbwCPaOEUsTWzLL/SxMI56S.KrwSE1urY4uWUy','student',NULL,1,'6fiCE740or','2020-01-22 00:00:00','2020-06-02 21:57:08',NULL),(132,'woodrow47',NULL,NULL,'woodrow47@douglas.com','2020-05-28 00:00:00','$2y$10$Wt/n041aU0yoTb7zlBZeZOwsjh6zZjLj0mOHwFf8WUWuELHF7.g/G','student',NULL,1,'JXoL1kuOel','2020-05-28 00:00:00','2020-06-02 21:57:08',NULL),(133,'towne.victoria',NULL,NULL,'towne.victoria@mann.net','2020-05-01 00:00:00','$2y$10$WvnXunES1CXJ1sOUCb4qjuyCNRSaLhLmS1TBDFTO5z4vt4hzZKv2q','student',NULL,1,'jT79tazsbX','2020-05-01 00:00:00','2020-06-02 21:57:08',NULL),(134,'damore.dorian',NULL,NULL,'damore.dorian@heller.com','2020-02-05 00:00:00','$2y$10$oP9eGdR5nfEExVEY/ZNb6.EUpYuUCeokXOI1OgfHY2A1sEH/9mk3G','student',NULL,1,'wzkjvXETAt','2020-02-05 00:00:00','2020-06-02 21:57:08',NULL),(135,'faye54',NULL,NULL,'faye54@hotmail.com','2020-06-02 00:00:00','$2y$10$uoySQBvH5L0FRyFjF5RWu.jQnLbsbs0plQzQrOLsXyLTEj5tKgCna','student',NULL,1,'lnEQKAWPDg','2020-06-02 00:00:00','2020-06-02 21:57:08',NULL),(136,'uriel33',NULL,NULL,'uriel33@labadie.com','2020-07-16 00:00:00','$2y$10$K7MkYKN2J2HqMqkM3opJBeZEoHZsoEV2BAwFAjiWE/Wgs9eoY28ty','student',NULL,1,'5Kq0psrkqy','2020-07-16 00:00:00','2020-06-02 21:57:08',NULL),(137,'rowe.felicity',NULL,NULL,'rowe.felicity@spencer.com','2020-05-06 00:00:00','$2y$10$/44YrzKeAECtpo010TXQsuE3bUtNpUdqgu7gFkLK7aCVNOSZJHTQO','student',NULL,1,'nKJhZAHxfC','2020-05-06 00:00:00','2020-06-02 21:57:08',NULL),(138,'sawayn.maryjane',NULL,NULL,'sawayn.maryjane@yahoo.com','2020-07-06 00:00:00','$2y$10$zsg6J6wXWnAdj6ezS7lWUu.4BV92aB3LOFNl8ENNSdZnQhrCRqJRK','student',NULL,1,'whGwFUWNSR','2020-07-06 00:00:00','2020-06-02 21:57:08',NULL),(139,'gkautzer',NULL,NULL,'gkautzer@gmail.com','2020-01-26 00:00:00','$2y$10$SffqQxgqS/Z7MG6NzkGiBOPh.ZGtFOMQzMABgJik0zTPh1aunzrYq','student',NULL,1,'xuHGE7V0P8','2020-01-26 00:00:00','2020-06-02 21:57:08',NULL),(140,'wruecker',NULL,NULL,'wruecker@yahoo.com','2020-05-25 00:00:00','$2y$10$039ZA1sFQ3orv2RD.SwicONwgWQnl1TcZcdjEuyXOzWd0rnOXEP7.','student',NULL,1,'KQer7MU8mI','2020-05-25 00:00:00','2020-06-02 21:57:08',NULL),(141,'kessler.luis',NULL,NULL,'kessler.luis@yahoo.com','2020-01-25 00:00:00','$2y$10$Bg7rtzAUXye9nP/K8L05k.NpROE65/QyLhYcg.Nrd1P7YuWJxx0PS','student',NULL,1,'CJkmJ2nI3B','2020-01-25 00:00:00','2020-06-02 21:57:08',NULL),(142,'ogrady',NULL,NULL,'ogrady@hotmail.com','2020-07-14 00:00:00','$2y$10$WuY2VHuU0oPDeQhofnsXP.8OPED2fHQTk/89HOpwjH138vMjtn63O','student',NULL,1,'boG59F1ajL','2020-07-14 00:00:00','2020-06-02 21:57:08',NULL),(143,'langosh.everardo',NULL,NULL,'langosh.everardo@bernhard.com','2020-04-20 00:00:00','$2y$10$ved4d.HQ4E.2xr4.Cudws.vkr6z3nkvIPpUs2NfYR9GrU3dy7eLY6','student',NULL,1,'u14Ib7s3sz','2020-04-20 00:00:00','2020-06-02 21:57:08',NULL),(144,'bailee.bode',NULL,NULL,'bailee.bode@schroeder.biz','2020-05-27 00:00:00','$2y$10$IBScoZ7YG5JfWHrBhIqTzu.bfQ5R.yCknbJnNo.HKfmPVo2M4Y41W','student',NULL,1,'9vE7tJugUC','2020-05-27 00:00:00','2020-06-02 21:57:08',NULL),(145,'schamberger.franz',NULL,NULL,'schamberger.franz@gmail.com','2020-07-11 00:00:00','$2y$10$uCVxKDDO78szVHWRJWhNxejAo70Juumx5FbkFEbvhRDezcBRPdroi','student',NULL,1,'7oPcDRMPvz','2020-07-11 00:00:00','2020-06-02 21:57:08',NULL),(146,'carter.burnice',NULL,NULL,'carter.burnice@mayer.com','2020-02-16 00:00:00','$2y$10$nfGf1rlBs7l8WXxYucGKvuGvlUNjT.Z0cwvdSDgW3f0QEzraHaE9.','student',NULL,1,'rCGs6m2rXz','2020-02-16 00:00:00','2020-06-02 21:57:08',NULL),(147,'hellen27',NULL,NULL,'hellen27@orn.net','2020-06-10 00:00:00','$2y$10$n1vtPRxDp0TTVa8WafWvkeMytj6RvF3fEvBvOmWGsiPHca19aJ7oC','student',NULL,1,'K18pUZoSMU','2020-06-10 00:00:00','2020-06-02 21:57:08',NULL),(148,'mann.weston',NULL,NULL,'mann.weston@hotmail.com','2020-06-12 00:00:00','$2y$10$kop.dHdWYvTNZdBiGGbfoe1uqUoucA9IR0P1/HgOgJEVpe5jlNgqW','student',NULL,1,'L5EwX8sW83','2020-06-12 00:00:00','2020-06-02 21:57:08',NULL),(149,'bins.karen',NULL,NULL,'bins.karen@zboncak.biz','2020-03-19 00:00:00','$2y$10$u6fZ1EwJcr.CLq9CdHWRteAmnKTDNCMAJsX8961W3U7Gn9NQ1IcSe','student',NULL,1,'deAp4PdC3F','2020-03-19 00:00:00','2020-06-02 21:57:08',NULL),(150,'winfield.connelly',NULL,NULL,'winfield.connelly@gmail.com','2020-05-15 00:00:00','$2y$10$f4aa3AJaLa6FQ4RwXvzuce2CtKFAPUC.SA38cyxY4i4PVyoxF2wP6','student',NULL,1,'iydZefTil3','2020-05-15 00:00:00','2020-06-02 21:57:08',NULL),(151,'harry09',NULL,NULL,'harry09@gmail.com','2020-01-20 00:00:00','$2y$10$hDAvEe9LX7AtZHzi5zKggubCNv8sm.KGrE1so0GK2oJ7ZymHk6shm','student',NULL,1,'F0VHvzIzcz','2020-01-20 00:00:00','2020-06-02 21:57:08',NULL),(152,'robel.samara',NULL,NULL,'robel.samara@stroman.net','2020-03-04 00:00:00','$2y$10$nXPCUhk1fim7i5sL1.0rJ.Ei1jKF9HDYvBTx4fZYkPw.u3ozAWV6a','student',NULL,1,'26FtsQUfal','2020-03-04 00:00:00','2020-06-02 21:57:08',NULL),(153,'cydney.kohler',NULL,NULL,'cydney.kohler@robel.com','2020-04-20 00:00:00','$2y$10$YMO/Bur/iNMKHwoildM1WOeDlz8pbupt1XjTLMmg6sENGrp02Mugm','student',NULL,1,'pjllIk0Hoc','2020-04-20 00:00:00','2020-06-02 21:57:08',NULL),(154,'fzieme',NULL,NULL,'fzieme@bednar.info','2020-04-07 00:00:00','$2y$10$0IRclEvllFAAV0Yp4JlLeeBuNgNo6xeMbgsGqsd4S1P38tqAtY/bK','student',NULL,1,'gPs11U5OPD','2020-04-07 00:00:00','2020-06-02 21:57:08',NULL),(155,'schmitt.rhea',NULL,NULL,'schmitt.rhea@stracke.org','2020-07-09 00:00:00','$2y$10$TG2a.W5cuDYuJVghkDrHVu7CgT6hvowRbFdrYkGuIJi.DE0zGG9Re','student',NULL,1,'C9J7X8F6hY','2020-07-09 00:00:00','2020-06-02 21:57:08',NULL),(156,'jefferey25',NULL,NULL,'jefferey25@bernhard.com','2020-06-27 00:00:00','$2y$10$f75H9J20cZ6pVT3sZK3jMOs7FUYqFRs0tSH0G0g1T/ZuqCA72k5oe','student',NULL,1,'6kpW6f5k1I','2020-06-27 00:00:00','2020-06-02 21:57:08',NULL),(157,'clint.kertzmann',NULL,NULL,'clint.kertzmann@gmail.com','2020-02-06 00:00:00','$2y$10$f/ODIEamink8Gr69s8cVmumvZHvzTVxDzqcxqw4MhYtB.LmFvK00S','student',NULL,1,'ct9PKbPo2s','2020-02-06 00:00:00','2020-06-02 21:57:08',NULL),(158,'balistreri.ludwig',NULL,NULL,'balistreri.ludwig@yahoo.com','2020-03-12 00:00:00','$2y$10$2X/pGr8rXbG5suh7OkpHwe1b.dYdLDFuYmesRPr4/SA9LLELsKT6W','student',NULL,1,'HaU50zdPUV','2020-03-12 00:00:00','2020-06-02 21:57:08',NULL),(159,'zrolfson',NULL,NULL,'zrolfson@rowe.net','2020-07-08 00:00:00','$2y$10$7eqWLITE92FwrX7VelKomuHzr2bQSpgkHZYidFo.X.UhYVbKN.5a.','student',NULL,1,'6NlGxzQPeD','2020-07-08 00:00:00','2020-06-02 21:57:08',NULL),(160,'gerlach.jarret',NULL,NULL,'gerlach.jarret@heaney.com','2020-04-07 00:00:00','$2y$10$wABOK7VztkPSQitEbvG4Nul2JbYteJKtzzckeiLeiCVqxVKfFlV4q','student',NULL,1,'KBqPlWSz2q','2020-04-07 00:00:00','2020-06-02 21:57:08',NULL),(161,'rhett31',NULL,NULL,'rhett31@oberbrunner.com','2020-07-17 00:00:00','$2y$10$fmc/c5KCZonLC13FJ3qZyOsDXDb30tWZR1auYA6XTvH8Q15grVsOe','student',NULL,1,'gcodKNM0Y2','2020-07-17 00:00:00','2020-06-02 21:57:08',NULL),(162,'awelch',NULL,NULL,'awelch@kunde.com','2020-04-11 00:00:00','$2y$10$StYEafCormStsuW9M4a8kO9J0510s4V2xWFRsOL3UAnNoSNgSoybS','student',NULL,1,'DHaNyu310V','2020-04-11 00:00:00','2020-06-02 21:57:08',NULL),(163,'raheem96',NULL,NULL,'raheem96@gmail.com','2020-01-25 00:00:00','$2y$10$wV7ldGToDStdKp25Ccsk4uuW0ZmzpkZrhRxjzgtWRq/ozbNN3.8Pi','student',NULL,1,'0cifoc435y','2020-01-25 00:00:00','2020-06-02 21:57:08',NULL),(164,'keeling.simone',NULL,NULL,'keeling.simone@yahoo.com','2020-02-06 00:00:00','$2y$10$XyIuTtF7mD.Lyb2cZDls0OjE2ulgzrXVOM/FOI1FkdxTHPyHjun1S','student',NULL,1,'oZwRdtElpc','2020-02-06 00:00:00','2020-06-02 21:57:08',NULL),(165,'sframi',NULL,NULL,'sframi@gmail.com','2020-01-22 00:00:00','$2y$10$K.Xk/u.32J9YjcMBl8WQLOibLYUQTMz8daQfqWQF/cUwsf4tHujhO','student',NULL,1,'MMaHjBwNlH','2020-01-22 00:00:00','2020-06-02 21:57:08',NULL),(166,'ilockman',NULL,NULL,'ilockman@dibbert.info','2020-06-07 00:00:00','$2y$10$3M9fn8ATN/fo4RHWSAmtOOd8lYIib8cbeTlEehEwcP1LduU0GLVsa','student',NULL,1,'uiHFCxa3xr','2020-06-07 00:00:00','2020-06-02 21:57:08',NULL),(167,'hilpert.arnold',NULL,NULL,'hilpert.arnold@hotmail.com','2020-03-11 00:00:00','$2y$10$wdRZ5vqMGjP3WHjRRnRiiOwisDeDOW91Kz4gJhUlDjDYjoUzwMJ7a','student',NULL,1,'7aIJKkXrTY','2020-03-11 00:00:00','2020-06-02 21:57:08',NULL),(168,'zakary83',NULL,NULL,'zakary83@hotmail.com','2020-05-11 00:00:00','$2y$10$LeKi1L7pccgGAd8sgUiHleF9AL.tZUz/28E8tCU1Bjg/hfImjWLq6','student',NULL,1,'p3h0lK6BLx','2020-05-11 00:00:00','2020-06-02 21:57:08',NULL),(169,'hollis.little',NULL,NULL,'hollis.little@wiegand.com','2020-01-22 00:00:00','$2y$10$ddLV5omStNFp7sOXPZlJreND95UhYb5gK/7eEBcbJYiL0DoKkrovK','student',NULL,1,'duBhBkDKhD','2020-01-22 00:00:00','2020-06-02 21:57:08',NULL),(170,'nquigley',NULL,NULL,'nquigley@effertz.com','2020-04-16 00:00:00','$2y$10$Fpqdxh17C8HNP5lZxlEG9uqTBiJy0HYZIspYfskd9pDmgEWg59d1.','student',NULL,1,'N6AtfJPWbz','2020-04-16 00:00:00','2020-06-02 21:57:08',NULL),(171,'lynch.rachael',NULL,NULL,'lynch.rachael@rau.com','2020-04-30 00:00:00','$2y$10$9RVszy3KMcyDHOcPYKlSIe0KfglDWi1Qv.PVMG42equ9.unrNb4eS','student',NULL,1,'Xp6BS2M064','2020-04-30 00:00:00','2020-06-02 21:57:08',NULL),(172,'hudson16',NULL,NULL,'hudson16@yahoo.com','2020-06-25 00:00:00','$2y$10$fsq2xJIm4ZxDPauegLJK4efLz20TNvbfCnX6XzQq4iaC2IVNy.Noe','student',NULL,1,'lJHjEeMrgE','2020-06-25 00:00:00','2020-06-02 21:57:08',NULL),(173,'mavis64',NULL,NULL,'mavis64@gmail.com','2020-01-12 00:00:00','$2y$10$3qQYDM1fcFyG7/sS86xcj.1Nny2ghwXcYEMyN5LDPRA8r.s3eUwTy','student',NULL,1,'e9XSGIdpNd','2020-01-12 00:00:00','2020-06-02 21:57:08',NULL),(174,'xraynor',NULL,NULL,'xraynor@gutmann.info','2020-04-10 00:00:00','$2y$10$r2sqIZohSeUvqfie39/Y9OdTZIkDruv6DcWHn7D4CaLNMI9vNbVeK','student',NULL,1,'VCXvtXXTmL','2020-04-10 00:00:00','2020-06-02 21:57:08',NULL),(175,'arvel.krajcik',NULL,NULL,'arvel.krajcik@hotmail.com','2020-06-27 00:00:00','$2y$10$qdPNaNvyfbhDJsDEX5U6U.hzAHl2eg.vZ.WinzXQEcJSIObV1IB12','student',NULL,1,'40PHBBqm2n','2020-06-27 00:00:00','2020-06-02 21:57:08',NULL),(176,'lueilwitz.kane',NULL,NULL,'lueilwitz.kane@yahoo.com','2020-05-24 00:00:00','$2y$10$gTa38PrMaoBtmlNv2f.i4eXiA.OQdi157JTAbanvLXRlxle3RrD.G','student',NULL,1,'lln37eSErw','2020-05-24 00:00:00','2020-06-02 21:57:08',NULL),(177,'kaelyn96',NULL,NULL,'kaelyn96@gmail.com','2020-05-19 00:00:00','$2y$10$WtQJ8Z8yCu.zTv3hRMk9Eex0yjvSt49ou6MIVhAl64USR5Nj8JQo2','student',NULL,1,'vLqgaUSs4k','2020-05-19 00:00:00','2020-06-02 21:57:08',NULL),(178,'evan17',NULL,NULL,'evan17@hotmail.com','2020-02-27 00:00:00','$2y$10$fyZJiJBeyNvTYdtXmzLge.P4x89viVCmJYuzMwniSFVw3SajECT1i','student',NULL,1,'At3Q18TI2A','2020-02-27 00:00:00','2020-06-02 21:57:08',NULL),(179,'carmel.watsica',NULL,NULL,'carmel.watsica@gmail.com','2020-04-05 00:00:00','$2y$10$C93OYSRUQ1cSSRRopIsaAuODRU5HjYwNMHo83mudKgmeBdzptrHuW','student',NULL,1,'lEcB7xOqyv','2020-04-05 00:00:00','2020-06-02 21:57:08',NULL),(180,'edyth37',NULL,NULL,'edyth37@gmail.com','2020-03-24 00:00:00','$2y$10$E4MvbuLVem3EGdkl4Q4PC.z2H5vvABzFprkiVVwRh9kjRRIptM.PS','student',NULL,1,'tnTNSRTS8p','2020-03-24 00:00:00','2020-06-02 21:57:08',NULL),(181,'wilkinson.mina',NULL,NULL,'wilkinson.mina@wyman.com','2020-06-21 00:00:00','$2y$10$kYai8GOFJdgP0H8xW.Bn1ONz9cJnHNAlsrcFV5ZMy8/iQaPIF.nGW','student',NULL,1,'8lUPd21Ga0','2020-06-21 00:00:00','2020-06-02 21:57:08',NULL),(182,'hahn.toy',NULL,NULL,'hahn.toy@hotmail.com','2020-05-20 00:00:00','$2y$10$h197/YV4JNNdE/h0Jc4lMe3.yVi151f5EclZdNGttEIWp0e2zGoPq','student',NULL,1,'2YSDAJnq0v','2020-05-20 00:00:00','2020-06-02 21:57:08',NULL),(183,'leuschke.kasandra',NULL,NULL,'leuschke.kasandra@kunze.com','2020-03-02 00:00:00','$2y$10$YWLkYQ6Qkwr.zdQRzb.IKOVAN4EQ9u5QyPmtzehoabGJOh/LH7j/u','student',NULL,1,'M6HLqQ0wgo','2020-03-02 00:00:00','2020-06-02 21:57:08',NULL),(184,'amiya62',NULL,NULL,'amiya62@leffler.com','2020-03-31 00:00:00','$2y$10$T4qc/iKgGHyb4wB8fTJEE.FsPBhFPlwE.7AqqF0F0xJJSutVc4lT6','student',NULL,1,'4BGFfwEUUj','2020-03-31 00:00:00','2020-06-02 21:57:08',NULL),(185,'eswaniawski',NULL,NULL,'eswaniawski@schamberger.com','2020-05-22 00:00:00','$2y$10$SPy/FJfnbL43.5fdlzaTF.AlyzKxBFOqKn4SROyhiWMt5difj67qW','student',NULL,1,'Ck9SgeontJ','2020-05-22 00:00:00','2020-06-02 21:57:08',NULL),(186,'keeling.evert',NULL,NULL,'keeling.evert@hotmail.com','2020-06-01 00:00:00','$2y$10$yAcReP5I316XRs8zIesZ9.uwACDHpwSJLoF2O5RTJnw8ZErCVVCfS','student',NULL,1,'X0CORJsnkn','2020-06-01 00:00:00','2020-06-02 21:57:08',NULL),(187,'florian.green',NULL,NULL,'florian.green@yahoo.com','2020-01-16 00:00:00','$2y$10$96qrthNHUP9dgvfQ4kjn1uW/bMfCWBkcytwwjE6vT8xvdPREPv/f.','student',NULL,1,'qC71uLGhyX','2020-01-16 00:00:00','2020-06-02 21:57:08',NULL),(188,'windler.alyson',NULL,NULL,'windler.alyson@gmail.com','2020-03-04 00:00:00','$2y$10$fYXNmnroWlXAydTpAMaCXeREXvixwL/3eA1MbgAuiYACgo0DchMmy','student',NULL,1,'a9wpeNhStW','2020-03-04 00:00:00','2020-06-02 21:57:08',NULL),(189,'kkuhlman',NULL,NULL,'kkuhlman@walter.net','2020-04-30 00:00:00','$2y$10$Kb4w3wifiihLEG14DmXlherSvq40ChPeBrzqQYOlC.e2Hulk6zRyK','student',NULL,1,'i2FGVVjEbA','2020-04-30 00:00:00','2020-06-02 21:57:08',NULL),(190,'rodrick.schimmel',NULL,NULL,'rodrick.schimmel@gmail.com','2020-01-19 00:00:00','$2y$10$Lh0TUpTAePPsKC1gu8reDOI49Gw9Ki1huY97DQQGgNIsOMR19vbYS','student',NULL,1,'ON0MT7nGFK','2020-01-19 00:00:00','2020-06-02 21:57:08',NULL),(191,'gabe.douglas',NULL,NULL,'gabe.douglas@schaefer.com','2020-02-18 00:00:00','$2y$10$KUff0JFRcWphdfmnnrh8hOyKVsTXS5gxfCZvxpDWhyTISRwmk3gcW','student',NULL,1,'eEJMJqyMRG','2020-02-18 00:00:00','2020-06-02 21:57:08',NULL),(192,'raphael.farrell',NULL,NULL,'raphael.farrell@gmail.com','2020-06-01 00:00:00','$2y$10$nIS.lhzW5eLXnYR5qZ5TIOWpgFSxudxJFM7fTSnMo1aTHl6NniOkS','student',NULL,1,'CaS2YBNELM','2020-06-01 00:00:00','2020-06-02 21:57:08',NULL),(193,'zena.ruecker',NULL,NULL,'zena.ruecker@hotmail.com','2020-07-15 00:00:00','$2y$10$VPCYPCu3cHQ6VIrdT5.iPuEIt4qaA6LJuHVQ2MkMBXFLxiW27YJMa','student',NULL,1,'XPbQZ35jBQ','2020-07-15 00:00:00','2020-06-02 21:57:08',NULL),(194,'george.klocko',NULL,NULL,'george.klocko@tillman.info','2020-01-13 00:00:00','$2y$10$qXhQvotrf6Jketmg3O27a.Dl4a4WsSYbjvuQJ1cq0KyOeFAihGSde','student',NULL,1,'nByB4eqSm2','2020-01-13 00:00:00','2020-06-02 21:57:08',NULL),(195,'theo.johnston',NULL,NULL,'theo.johnston@yahoo.com','2020-06-27 00:00:00','$2y$10$7C6brP6ngBG8eyTSqiHJjOOwyLAxpzbKidJmlATkA9PukTwEQcKoG','student',NULL,1,'6IeFj5zi93','2020-06-27 00:00:00','2020-06-02 21:57:08',NULL),(196,'osinski.rashad',NULL,NULL,'osinski.rashad@hotmail.com','2020-07-02 00:00:00','$2y$10$dFJg.3V.O9clxrJ/3hV3BOo7ADS6/Pj/nWGyWP3B.4SYlOIb3XeYm','student',NULL,1,'E8XPlWE7XB','2020-07-02 00:00:00','2020-06-02 21:57:08',NULL),(197,'dock61',NULL,NULL,'dock61@gmail.com','2020-03-28 00:00:00','$2y$10$z5bzKb9Suids197WAP4m8OimzXSXGkfta.I4bOS9F2lm5edM3SAOC','student',NULL,1,'dM2VE1x6si','2020-03-28 00:00:00','2020-06-02 21:57:08',NULL),(198,'nzboncak',NULL,NULL,'nzboncak@hotmail.com','2020-02-07 00:00:00','$2y$10$KPvEAPY8aAP1xxYxIgenBOe2hXk2sigEvE/seNWeu2EikQJZNwtf6','student',NULL,1,'qGUbZagQUS','2020-02-07 00:00:00','2020-06-02 21:57:08',NULL),(199,'betty.hermann',NULL,NULL,'betty.hermann@hoppe.org','2020-05-13 00:00:00','$2y$10$xoA6YoOjz/hDoNW4fP0BEuRlR52BMcHmJiVK3xVZDz9gL5CJFlD3m','student',NULL,1,'an4NzNla1n','2020-05-13 00:00:00','2020-06-02 21:57:08',NULL),(200,'gleason.francisco',NULL,NULL,'gleason.francisco@yahoo.com','2020-01-17 00:00:00','$2y$10$jzqsMntwMzCkA/kAaq/HAecBXaiH//XlluNfFkf9VcPA16IPUe79C','student',NULL,1,'FLXs4Ph1a9','2020-01-17 00:00:00','2020-06-02 21:57:08',NULL),(201,'shyann.ebert',NULL,NULL,'shyann.ebert@gmail.com','2020-04-27 00:00:00','$2y$10$9BTVPQ0nvswiRj2wqRCmWu23P.0hLX74cSOD7fdH.7P3IcIUm3KEC','student',NULL,1,'bmNAms9zFl','2020-04-27 00:00:00','2020-06-02 21:57:08',NULL),(202,'kirk.kulas',NULL,NULL,'kirk.kulas@moen.net','2020-02-08 00:00:00','$2y$10$TShb588q7DW11FeJufm/ou67Cyeb.6RCmmcOwUHGjvEnO2IscQ472','student',NULL,1,'giAQHm6ToV','2020-02-08 00:00:00','2020-06-02 21:57:08',NULL),(203,'wisozk.chelsie',NULL,NULL,'wisozk.chelsie@davis.info','2020-02-15 00:00:00','$2y$10$g5FJU60RTFlwgjuiG88QYe4foB8OMAaU1DQjvwx4JJ8qiZg9vn8W6','student',NULL,1,'KsxFjjQ0vG','2020-02-15 00:00:00','2020-06-02 21:57:08',NULL),(204,'langosh.casandra',NULL,NULL,'langosh.casandra@abbott.com','2020-07-19 00:00:00','$2y$10$xJ.DTZgFECfhowRHYNM/guJYX0vThz3w81kCfH2IxrfedCq9eU0Wu','student',NULL,1,'36rx4gBoaH','2020-07-19 00:00:00','2020-06-02 21:57:08',NULL),(205,'nmosciski',NULL,NULL,'nmosciski@gmail.com','2020-03-20 00:00:00','$2y$10$JBoQ80f0ElNVDoh7Z8.ObOtqoqz4htIm632h0IxdjDTPWC8xULghi','student',NULL,1,'lRxh0Y2cqf','2020-03-20 00:00:00','2020-06-02 21:57:08',NULL),(206,'deven59',NULL,NULL,'deven59@yahoo.com','2020-01-30 00:00:00','$2y$10$ebX8Jcc1Kk37iRf3L6w2/.yK6Z0HDU4el6nTCqwWiam8n4D6wYIc6','student',NULL,1,'2FbL4jwIh7','2020-01-30 00:00:00','2020-06-02 21:57:08',NULL),(207,'osinski.rosina',NULL,NULL,'osinski.rosina@yahoo.com','2020-03-27 00:00:00','$2y$10$cuggItpavXM7ghxko/Gz3e3dSIWJo8RqFH3P1wiEJ4lqGiMaPhSGu','student',NULL,1,'GHmqdT92ve','2020-03-27 00:00:00','2020-06-02 21:57:08',NULL),(208,'mcclure.haleigh',NULL,NULL,'mcclure.haleigh@gmail.com','2020-02-26 00:00:00','$2y$10$X.1ZvC0.YXQ8kB2inpcB.OH0KoF66YRVoMn42ZrF56w1KqbnQgj1.','student',NULL,1,'asHhAbFMuE','2020-02-26 00:00:00','2020-06-02 21:57:08',NULL),(209,'weissnat.hermann',NULL,NULL,'weissnat.hermann@roob.biz','2020-02-22 00:00:00','$2y$10$7n9CZfGnEf4mFBYdBzxhReIwDeAVzDYxI.SdupxAAAeUpAKNrULTy','student',NULL,1,'DG4XjCnyUS','2020-02-22 00:00:00','2020-06-02 21:57:08',NULL),(210,'baylee.okuneva',NULL,NULL,'baylee.okuneva@marvin.com','2020-05-02 00:00:00','$2y$10$vDUdADCc1a2MfiMudAs1Z.g1/axafeJWcvZSacxbC4LQWUcITAG2W','student',NULL,1,'qmpgVVLMib','2020-05-02 00:00:00','2020-06-02 21:57:08',NULL),(211,'hauck.manuel',NULL,NULL,'hauck.manuel@kozey.com','2020-06-03 00:00:00','$2y$10$07/WvB/.rp03SeMNhAMK.u8WijnlCJaCpe5FvFE3UuukHNoN3Igji','student',NULL,1,'osup5CFTSf','2020-06-03 00:00:00','2020-06-02 21:57:08',NULL),(212,'wkling',NULL,NULL,'wkling@johns.com','2020-02-27 00:00:00','$2y$10$NCoeWrE40Y55ScleNntIF.xC/wMY2Owj8IWvkz6yymjEfHF/.f3h2','student',NULL,1,'r5EAbT2Nts','2020-02-27 00:00:00','2020-06-02 21:57:08',NULL),(213,'waters.blair',NULL,NULL,'waters.blair@hotmail.com','2020-03-09 00:00:00','$2y$10$yz9Aq2ALAiaJQNYNmbGpzOilEg73PGxw4sAHSuJM3aA5DNG65kvUe','student',NULL,1,'ddTYJqpo2u','2020-03-09 00:00:00','2020-06-02 21:57:08',NULL),(214,'jaquelin24',NULL,NULL,'jaquelin24@hotmail.com','2020-07-01 00:00:00','$2y$10$wyFWDwkuNQ/zt5XXVPkpou5uwcUusXfrNHXugM6T7Ou1L5PIMOpvm','student',NULL,1,'G8bgM2ScY9','2020-07-01 00:00:00','2020-06-02 21:57:08',NULL),(215,'veum.isidro',NULL,NULL,'veum.isidro@gmail.com','2020-01-09 00:00:00','$2y$10$FwHFwmDqFdLJRw1hWxjdhed0WRL1qeBVvsIz51e.0qRKxKpAA9QUy','student',NULL,1,'zs2J2eWDZh','2020-01-09 00:00:00','2020-06-02 21:57:08',NULL),(216,'handerson',NULL,NULL,'handerson@gmail.com','2020-02-20 00:00:00','$2y$10$VnZVcbmbUFmjw/FhJlMtzO/yLAO.qNMusMzBhVg1aJolY9GC6hOmG','student',NULL,1,'au97iXoGuk','2020-02-20 00:00:00','2020-06-02 21:57:08',NULL),(217,'dejuan75',NULL,NULL,'dejuan75@hintz.info','2020-02-12 00:00:00','$2y$10$iMeM3TYfIA8ZKzpeo0NONO3RBwP.8hS6cJ6LEbdSp5Xthrei9cGsu','student',NULL,1,'dpZSpdDb9X','2020-02-12 00:00:00','2020-06-02 21:57:08',NULL),(218,'rstamm',NULL,NULL,'rstamm@krajcik.com','2020-03-15 00:00:00','$2y$10$RD0S/UV.QOmp2dcMf34obOnvL5vLnkFjK0nJ9xwCJXWNCDj4etit2','student',NULL,1,'LrmrnSrkAG','2020-03-15 00:00:00','2020-06-02 21:57:08',NULL),(219,'aaliyah.pouros',NULL,NULL,'aaliyah.pouros@gmail.com','2020-03-02 00:00:00','$2y$10$Rtj7j1s9j6X2h/.kgfC51eol./.D0heNckYrFek1lddKXUPmjEX5.','student',NULL,1,'gjmamRSlBY','2020-03-02 00:00:00','2020-06-02 21:57:08',NULL),(220,'guiseppe.hegmann',NULL,NULL,'guiseppe.hegmann@yahoo.com','2020-05-09 00:00:00','$2y$10$FhXNCJqBvDyRwxRFoilnweJ7K4.iReVZC26ABVKaQAg6FOOwv/4ve','student',NULL,1,'Skb2pdNM3Q','2020-05-09 00:00:00','2020-06-02 21:57:08',NULL),(221,'leila74',NULL,NULL,'leila74@ernser.biz','2020-03-20 00:00:00','$2y$10$.zzZPrglr7YJYILNxQxsFefDcsh.sP798prFtvzWyKR2gRPTUdNxq','student',NULL,1,'bMCp3ihU4K','2020-03-20 00:00:00','2020-06-02 21:57:08',NULL),(222,'seth55',NULL,NULL,'seth55@ledner.biz','2020-07-07 00:00:00','$2y$10$O1l03pmxJ7PZmR.jTuHSQOGMqTGlrEysOvDk0lOQc6R1miejF1zNK','student',NULL,1,'mgkWbUXokW','2020-07-07 00:00:00','2020-06-02 21:57:08',NULL),(223,'river79',NULL,NULL,'river79@hotmail.com','2020-07-11 00:00:00','$2y$10$thmx0m2QLRVyR2KHYOIhteaHIU3YMfjb.RV3eabwOmBFtN0d/ivGm','student',NULL,1,'frU4KyyRBw','2020-07-11 00:00:00','2020-06-02 21:57:08',NULL),(224,'devan35',NULL,NULL,'devan35@altenwerth.biz','2020-04-17 00:00:00','$2y$10$AoCj4vlMzkGsg9aeDRAGCOF2C.5MXVuw17lsmsChqQ6wKyS.Q/jaq','student',NULL,1,'LTtmTusxpc','2020-04-17 00:00:00','2020-06-02 21:57:08',NULL),(225,'daron30',NULL,NULL,'daron30@hotmail.com','2020-05-10 00:00:00','$2y$10$M09rcFe9OZW5l2tr5Qg6Seb.KimWRYBtK2sCM6q6dA.T.hvFU33bC','student',NULL,1,'ZwuC7DN92V','2020-05-10 00:00:00','2020-06-02 21:57:08',NULL),(226,'walter.estell',NULL,NULL,'walter.estell@gmail.com','2020-03-03 00:00:00','$2y$10$shdkjF4xZhF9oFQxMA7X1uhPETZGZevpRwzQl8wajKDKVSN8lTPVS','student',NULL,1,'p285XBCjuo','2020-03-03 00:00:00','2020-06-02 21:57:08',NULL),(227,'dejuan.mcdermott',NULL,NULL,'dejuan.mcdermott@yahoo.com','2020-06-17 00:00:00','$2y$10$7EvZODaAQFu3kw23tMB9nu7huXE5.uAPbvJjdmgv6eLCARuAPlBey','student',NULL,1,'wnLLHdg3r3','2020-06-17 00:00:00','2020-06-02 21:57:08',NULL),(228,'orosenbaum',NULL,NULL,'orosenbaum@altenwerth.com','2020-04-21 00:00:00','$2y$10$gKvZjIor1uHLRXwBaCu69Ol80TG/B0LzKdbUoX1RrQDsRSUr.SjZ6','student',NULL,1,'SqkdHbBS0R','2020-04-21 00:00:00','2020-06-02 21:57:08',NULL),(229,'lottie.heaney',NULL,NULL,'lottie.heaney@yahoo.com','2020-02-09 00:00:00','$2y$10$KUVNevOIO.YCwDZ9ujf30u1OTga4ZA7Fmydc1b0GDXI4jCVpON4y.','student',NULL,1,'THSJqAZyj0','2020-02-09 00:00:00','2020-06-02 21:57:08',NULL),(230,'braun.jamil',NULL,NULL,'braun.jamil@hamill.com','2020-02-19 00:00:00','$2y$10$RFML6/zRmzeAusE/m1eV9efdAhIvOhz2adTVq46W/7gelD4DSujee','student',NULL,1,'kEtpC43RfI','2020-02-19 00:00:00','2020-06-02 21:57:08',NULL),(231,'anjali83',NULL,NULL,'anjali83@hotmail.com','2020-06-21 00:00:00','$2y$10$N0ZBlVf2S2P6FJ5TQHBGhumTpOAT5j.DsSxT5kUpS//Lk17./wasu','student',NULL,1,'EcVX2EmNbc','2020-06-21 00:00:00','2020-06-02 21:57:08',NULL),(232,'collins.shawna',NULL,NULL,'collins.shawna@yahoo.com','2020-01-07 00:00:00','$2y$10$NS6koOzsnPxx3Y1eS/A04.80X5eIKp9EGD2qwvtOVbewSjagajTc2','student',NULL,1,'gMGwtjmXgz','2020-01-07 00:00:00','2020-06-02 21:57:08',NULL),(233,'erick22',NULL,NULL,'erick22@kuvalis.com','2020-01-26 00:00:00','$2y$10$ecPzZ5a0/NOu/ukq7JMJvuw6I8.yeiLWbiu24uuWQGVuuaACA304C','student',NULL,1,'0UmGFRuVi9','2020-01-26 00:00:00','2020-06-02 21:57:08',NULL),(234,'brandyn26',NULL,NULL,'brandyn26@haley.com','2020-04-08 00:00:00','$2y$10$O/uFmckry.XK0jukNa4.HOuDPMsaI/PRFncDX7DEeaAWhLZ.rUSmm','student',NULL,1,'8XNua7m86H','2020-04-08 00:00:00','2020-06-02 21:57:08',NULL),(235,'anais84',NULL,NULL,'anais84@hotmail.com','2020-03-12 00:00:00','$2y$10$zCgTmIR4QoXEz7aKRmhPeO9okDgdl6rsvsj9nI1qL3adYQdA43Mb2','student',NULL,1,'UKnz9XO8DU','2020-03-12 00:00:00','2020-06-02 21:57:08',NULL),(236,'bayer.chauncey',NULL,NULL,'bayer.chauncey@kassulke.com','2020-04-26 00:00:00','$2y$10$Thpp1kXTKwQ19VFhapahIOWf.IQkx8Z7UazA6V/Mrvu8gLhceZnii','student',NULL,1,'05b7wZ1OJ0','2020-04-26 00:00:00','2020-06-02 21:57:08',NULL),(237,'dhilpert',NULL,NULL,'dhilpert@hotmail.com','2020-03-04 00:00:00','$2y$10$DNMEBdKylwTHlhL1TvfQ9OTM.mX5q38Dc8IaVedO7ZNVH3u6HuD5q','student',NULL,1,'rqoCVSbRa5','2020-03-04 00:00:00','2020-06-02 21:57:08',NULL),(238,'anais37',NULL,NULL,'anais37@yahoo.com','2020-05-06 00:00:00','$2y$10$BxxPYwgwUVqVe7OJYjTdd.lYm2.AWIBYFYvOZkVN6JkBFdI22j6rO','student',NULL,1,'gphaXGykOc','2020-05-06 00:00:00','2020-06-02 21:57:08',NULL),(239,'bernier.paige',NULL,NULL,'bernier.paige@ondricka.biz','2020-03-27 00:00:00','$2y$10$LGtC6pgV.Trhm4miy8IU6eI5OrLPFHnDDvphNAkGxEeq5RlnpzTD6','student',NULL,1,'6NycM6ycQZ','2020-03-27 00:00:00','2020-06-02 21:57:08',NULL),(240,'marilou65',NULL,NULL,'marilou65@gmail.com','2020-07-01 00:00:00','$2y$10$OyIIZdsRDwwwXCWk3qwoWONoUWcM8KVDKaxFiHvyJPP6QlXffki8C','student',NULL,1,'giwl9qCWe5','2020-07-01 00:00:00','2020-06-02 21:57:08',NULL),(241,'teresa93',NULL,NULL,'teresa93@stracke.com','2020-04-06 00:00:00','$2y$10$tzwezAg9Bfhq3yOnZcbsu.AcIaJp64AYFVNc8OHq/SHT2qjTRljN2','student',NULL,1,'ndV6IBg1AK','2020-04-06 00:00:00','2020-06-02 21:57:08',NULL),(242,'shudson',NULL,NULL,'shudson@gmail.com','2020-02-21 00:00:00','$2y$10$6yTdRaVRf5zF0pJNXH1QMOqsZrmb.mI6hfjiBDFvMKe3SDUgUWQma','student',NULL,1,'CLkUTBppPK','2020-02-21 00:00:00','2020-06-02 21:57:08',NULL),(243,'madisen68',NULL,NULL,'madisen68@hotmail.com','2020-03-23 00:00:00','$2y$10$GzR8fMFgMy8gvz6Ip0MJ8eQ9nqRO6ZdbWZsNVLHec.JLGmPo1B/Ja','student',NULL,1,'0RnwbwowwB','2020-03-23 00:00:00','2020-06-02 21:57:08',NULL),(244,'tillman.khalil',NULL,NULL,'tillman.khalil@cole.com','2020-07-12 00:00:00','$2y$10$Xs0YySo3fTTSycPoDEGTKuutI6P2ziX4NT4pLzqwJ2paVLGACVWJm','student',NULL,1,'IUdENS2EDi','2020-07-12 00:00:00','2020-06-02 21:57:08',NULL),(245,'leda08',NULL,NULL,'leda08@yahoo.com','2020-03-07 00:00:00','$2y$10$42OaGKC7ci386rRMxrh3sOO5GmQT/H30T/HZ7HLKce5DzssOpyJOa','student',NULL,1,'cmDOgYsTEn','2020-03-07 00:00:00','2020-06-02 21:57:08',NULL),(246,'domenick.trantow',NULL,NULL,'domenick.trantow@keeling.info','2020-01-13 00:00:00','$2y$10$.ZfUBkhUbVqKsJMAWkNEdeWbSbnptQDoXCzqaPU1fxMhTEEXgnzdm','student',NULL,1,'ZrLzPl9Wr0','2020-01-13 00:00:00','2020-06-02 21:57:08',NULL),(247,'bbarton',NULL,NULL,'bbarton@brown.com','2020-05-06 00:00:00','$2y$10$nAlcQMG4O9tdmOGhzD38tePb939zig/PXvdypoU8xPowU..qVE8/q','student',NULL,1,'AOR2bnmX9x','2020-05-06 00:00:00','2020-06-02 21:57:08',NULL),(248,'shintz',NULL,NULL,'shintz@gulgowski.com','2020-06-08 00:00:00','$2y$10$KL4qVt9VcJsjbWkEoX9PMOtlHguZRvqFjabSt4ZfoDQJYXEyHvxey','student',NULL,1,'vvGn3ocpLy','2020-06-08 00:00:00','2020-06-02 21:57:08',NULL),(249,'antone51',NULL,NULL,'antone51@hotmail.com','2020-04-11 00:00:00','$2y$10$tK/x5CQh5MlXiZV9qbH0cuDmfS2N1T/VFW1lmXeN.IGzTfRk/Juh6','student',NULL,1,'rvEM93Wwct','2020-04-11 00:00:00','2020-06-02 21:57:08',NULL),(250,'hailee.ondricka',NULL,NULL,'hailee.ondricka@hotmail.com','2020-06-23 00:00:00','$2y$10$1gdaEimfr.Umol4K/NeNYe8e/TsR5X1jE4/vUI1nOBIH0/GA3STvW','student',NULL,1,'LQyY7I7T3w','2020-06-23 00:00:00','2020-06-02 21:57:08',NULL),(251,'elisha.bergnaum',NULL,NULL,'elisha.bergnaum@altenwerth.biz','2020-06-09 00:00:00','$2y$10$uMH620iLc1HIoI2TI5T1KOQ/be9sGlvyx75Bk7whFEfCOhXi0Ym0m','student',NULL,1,'Zm1v1urO62','2020-06-09 00:00:00','2020-06-02 21:57:08',NULL),(252,'brakus.cora',NULL,NULL,'brakus.cora@hotmail.com','2020-04-11 00:00:00','$2y$10$PGY4.Nulr3WDjNgPuucgI.TqBXjSfBtR2ghYpITH0L2ICiuGaLkDa','student',NULL,1,'u3ICxN6pxq','2020-04-11 00:00:00','2020-06-02 21:57:08',NULL),(253,'novella81',NULL,NULL,'novella81@nienow.com','2020-04-21 00:00:00','$2y$10$HsZI4HzOv3/4T9OPkKura.quLjRm0BP5SP4DUJZ.sgPpuq91BAkG.','student',NULL,1,'p5g9FrADCB','2020-04-21 00:00:00','2020-06-02 21:57:08',NULL),(254,'rigoberto24',NULL,NULL,'rigoberto24@daniel.com','2020-03-15 00:00:00','$2y$10$0ni5Re.hUR2vOI5wQPu7augfXwDYBBdsxzmfGJwHYUbiZK2hzTova','student',NULL,1,'Rn8rw94aMf','2020-03-15 00:00:00','2020-06-02 21:57:08',NULL),(255,'ofelia.schamberger',NULL,NULL,'ofelia.schamberger@paucek.com','2020-03-01 00:00:00','$2y$10$aMPxig5U2h0UI3AIWxsg8epglP589AVQQfoUbZqP0O/zHOPCBPUmy','student',NULL,1,'C0UOL7v0uF','2020-03-01 00:00:00','2020-06-02 21:57:08',NULL),(256,'obuckridge',NULL,NULL,'obuckridge@dickens.com','2020-05-31 00:00:00','$2y$10$1TagIafGBG17mTiadD60o.JwroWuZzscAIFCK1Fk1KtleTWXG0c0W','student',NULL,1,'m0T0Fhk6S1','2020-05-31 00:00:00','2020-06-02 21:57:08',NULL),(257,'rhowe',NULL,NULL,'rhowe@hotmail.com','2020-04-23 00:00:00','$2y$10$rYwRfheL5X5/QfWzUCITVuRARpcwcnJBisPkrwpkb/Mbjyu8S1GsG','student',NULL,1,'0bdbURdia0','2020-04-23 00:00:00','2020-06-02 21:57:08',NULL),(258,'blanda.eloy',NULL,NULL,'blanda.eloy@yahoo.com','2020-03-18 00:00:00','$2y$10$2Cr27gVh6Qct6eszOL0sLOrQWqxMjiyXX9naPod0zdsDm9xangJlW','student',NULL,1,'hk9Nn8c4Fn','2020-03-18 00:00:00','2020-06-02 21:57:08',NULL),(259,'darwin65',NULL,NULL,'darwin65@hotmail.com','2020-01-06 00:00:00','$2y$10$rvN5JIHkRG4YaKo9bWD4G.zulqkwKg2ipkAx0asYJ0urBku2foyEy','student',NULL,1,'JYLyr7GIYe','2020-01-06 00:00:00','2020-06-02 21:57:08',NULL),(260,'rmurphy',NULL,NULL,'rmurphy@hotmail.com','2020-06-26 00:00:00','$2y$10$GEJ1QzsSrAp7OvGtbNuTPuo0GGeZM7/DMeK44xsfX7IMqwRdf/.Za','student',NULL,1,'m0A1t36Js0','2020-06-26 00:00:00','2020-06-02 21:57:08',NULL),(261,'hartmann.alda',NULL,NULL,'hartmann.alda@davis.com','2020-03-07 00:00:00','$2y$10$FD7FGA6lHs6/9OdoqMhaa.K8tpxYJvzk33OXfuBUuruW0lgI6oZIO','student',NULL,1,'o9XQPLW1ht','2020-03-07 00:00:00','2020-06-02 21:57:08',NULL),(262,'johnson.oda',NULL,NULL,'johnson.oda@yahoo.com','2020-05-27 00:00:00','$2y$10$YJ5zfXMOKkkcpzbHGWC3HODcBfY5cO7pUBBzeHNAHv9CW1c.ADFXe','student',NULL,1,'1CUpa3K8Ny','2020-05-27 00:00:00','2020-06-02 21:57:08',NULL),(263,'farrell.valentin',NULL,NULL,'farrell.valentin@daugherty.com','2020-04-28 00:00:00','$2y$10$VKHUuKEuY7FAE2C1KNATcO4T3tSzGjfgFAdMZDNP7Cy6yg6txKTci','student',NULL,1,'8qQxL7BCCB','2020-04-28 00:00:00','2020-06-02 21:57:08',NULL),(264,'shanahan.mckenna',NULL,NULL,'shanahan.mckenna@robel.com','2020-07-15 00:00:00','$2y$10$5k6ZhWm1s6Lc6wrzUUxNRegYLKeVNUlDy.oN9rdfNzudNbEz3fLuK','student',NULL,1,'njDauH38Tq','2020-07-15 00:00:00','2020-06-02 21:57:08',NULL),(265,'giovanni.towne',NULL,NULL,'giovanni.towne@hodkiewicz.com','2020-05-14 00:00:00','$2y$10$CF9D1aZjzUOuTeo12PI/9.YLOrIo4guooEQbU0EkU0aXpFBFO.MQW','student',NULL,1,'UjXKEj68Gg','2020-05-14 00:00:00','2020-06-02 21:57:08',NULL),(266,'sgreenfelder',NULL,NULL,'sgreenfelder@morar.info','2020-06-14 00:00:00','$2y$10$37PrYqAe6OUX/xr6f9Unpuajv3j0giy3Z.sRm4kAbaUhzWocwUEuy','student',NULL,1,'xp6x9mLjQg','2020-06-14 00:00:00','2020-06-02 21:57:08',NULL),(267,'legros.ofelia',NULL,NULL,'legros.ofelia@gmail.com','2020-02-05 00:00:00','$2y$10$lLhd2Zz4THC70/JCEI4CoeHmm7MK92ZY0kauP2sxX/R12vA3XioWO','student',NULL,1,'VBnSbtVbVe','2020-02-05 00:00:00','2020-06-02 21:57:08',NULL),(268,'uwaelchi',NULL,NULL,'uwaelchi@dach.info','2020-02-20 00:00:00','$2y$10$VmSMO0bwf.47o03lY.ayQOmHV7tlkP5m74vCV18irZgpzFWY84dbe','student',NULL,1,'oXpahBWpHD','2020-02-20 00:00:00','2020-06-02 21:57:08',NULL),(269,'miracle84',NULL,NULL,'miracle84@yahoo.com','2020-06-11 00:00:00','$2y$10$0KZBB3wXJPZXktjxx9gchuGKmTdomWDh0PY.y2xtTaiQI5RP.Pira','student',NULL,1,'FDtDOEcIw0','2020-06-11 00:00:00','2020-06-02 21:57:08',NULL),(270,'padberg.dayna',NULL,NULL,'padberg.dayna@gmail.com','2020-06-29 00:00:00','$2y$10$WDPvnX42Sh0q45zH3hCZne8W0Z/qb24sbE6fhmLl1H1YvicAG3jLO','student',NULL,1,'mMdOnvGWJ3','2020-06-29 00:00:00','2020-06-02 21:57:08',NULL),(271,'hillary.oconnell',NULL,NULL,'hillary.oconnell@gmail.com','2020-02-25 00:00:00','$2y$10$nm/KkkcN8ogIEO5aYLFlDeYNAwfyA.psrz/4t6vwkQHaxjurneGjW','student',NULL,1,'MP64F5swbS','2020-02-25 00:00:00','2020-06-02 21:57:08',NULL),(272,'ashton.dickinson',NULL,NULL,'ashton.dickinson@vonrueden.com','2020-04-30 00:00:00','$2y$10$QH06g0IQ6FxEaBTa1sSTG..cCTM1ldJQtJdVfi.pLssfeLy1.sMWC','student',NULL,1,'xdI0TS4hmI','2020-04-30 00:00:00','2020-06-02 21:57:08',NULL),(273,'jayne.wolff',NULL,NULL,'jayne.wolff@gmail.com','2020-04-05 00:00:00','$2y$10$/rGUyETvOYo8SULNdp25HOtb4n/AP.4bem/u0cGuSFVEE6nAjL6se','student',NULL,1,'ldGb1iXLg5','2020-04-05 00:00:00','2020-06-02 21:57:08',NULL),(274,'hryan',NULL,NULL,'hryan@yahoo.com','2020-04-16 00:00:00','$2y$10$1/RUFmbmTPWTFEUEqJ9NvOFVSXNa.nTnVhoa3cxHUtwETwkVn7ivm','student',NULL,1,'IswfxhKBrM','2020-04-16 00:00:00','2020-06-02 21:57:08',NULL),(275,'zcartwright',NULL,NULL,'zcartwright@yahoo.com','2020-04-22 00:00:00','$2y$10$flcDnhdszhALcrYjxQbf3eEiyvHvhlWyqLd7rrRmOlVEUSBdopE1O','student',NULL,1,'aBw4amBkEM','2020-04-22 00:00:00','2020-06-02 21:57:08',NULL),(276,'claudia98',NULL,NULL,'claudia98@mccullough.com','2020-01-04 00:00:00','$2y$10$z9E4G3.t.nDAgLE0fkzKIO/pGu/5yEOAHkSRjS.yVg9ssBkiQoQCi','student',NULL,1,'1IFJzTJXBX','2020-01-04 00:00:00','2020-06-02 21:57:08',NULL),(277,'rstamm',NULL,NULL,'rstamm@gutmann.com','2020-06-26 00:00:00','$2y$10$TZoY74exep3o0Vn9Jy/e4uVyAz/Q8RGL0NeX08HXG.UWg9darPo3S','student',NULL,1,'46xIdCzn9Y','2020-06-26 00:00:00','2020-06-02 21:57:08',NULL),(278,'ncrist',NULL,NULL,'ncrist@rice.org','2020-03-03 00:00:00','$2y$10$ZJp/I5gcoVAb8KXvAA0QHuuwUMCbRGm0x0R8JwQuRbtRT.0Z5H.Oa','student',NULL,1,'CY6NZJesRJ','2020-03-03 00:00:00','2020-06-02 21:57:08',NULL),(279,'lebsack.annetta',NULL,NULL,'lebsack.annetta@oreilly.com','2020-01-15 00:00:00','$2y$10$EHnetLPwAn3inpuR2hmv8OV6781ujHjaUhdUw0erUTgoHbwv1ERgq','student',NULL,1,'HEhRrkBjCb','2020-01-15 00:00:00','2020-06-02 21:57:08',NULL),(280,'hayley43',NULL,NULL,'hayley43@witting.net','2020-04-30 00:00:00','$2y$10$MceKiPm.pmrUeb5zpf6xd.KO3M.1Umel52kcHwNdx4P/BHXy.CRUO','student',NULL,1,'KDny5WH4C6','2020-04-30 00:00:00','2020-06-02 21:57:08',NULL),(281,'dooley.chelsie',NULL,NULL,'dooley.chelsie@gmail.com','2020-04-03 00:00:00','$2y$10$5WgRDpHr8c3ouHsQo69uG.QUmhsGIJv2PtmsbOzeyAdk/OM0pXRim','student',NULL,1,'3eWd99yCSo','2020-04-03 00:00:00','2020-06-02 21:57:08',NULL),(282,'nick.hill',NULL,NULL,'nick.hill@fritsch.com','2020-06-27 00:00:00','$2y$10$ed0zhsIUuFj.iuqAsjtkBuBoqGz6tLyJMo3XcQ4.w4yM9FXIRgfAy','student',NULL,1,'ZR1YqYJHQr','2020-06-27 00:00:00','2020-06-02 21:57:08',NULL),(283,'rosendo84',NULL,NULL,'rosendo84@yahoo.com','2020-01-30 00:00:00','$2y$10$BRwH8FlIl8LaTXiB9rCiKukb.mf2FECKHfuHm0lU0an0A.ifiDr8W','student',NULL,1,'dsTpncLYdx','2020-01-30 00:00:00','2020-06-02 21:57:08',NULL),(284,'froberts',NULL,NULL,'froberts@gmail.com','2020-02-07 00:00:00','$2y$10$kTNbNASAl63JzHGBcGDVt.r46Xzu2IybPVf9EExsdltAnTTwHFgfm','student',NULL,1,'pkGf8ygrYd','2020-02-07 00:00:00','2020-06-02 21:57:08',NULL),(285,'stanton.cydney',NULL,NULL,'stanton.cydney@maggio.info','2020-03-02 00:00:00','$2y$10$KdAVmsGjJgVGL0sVYPeM4eOl1E1dIMJO50i0M/z2AOsk8v2UViTVq','student',NULL,1,'ZyESYGC7mc','2020-03-02 00:00:00','2020-06-02 21:57:08',NULL),(286,'crawford.hegmann',NULL,NULL,'crawford.hegmann@kihn.com','2020-03-03 00:00:00','$2y$10$qDjfwfqPeAqXwI3OssDA7uv.q.FNzbu7yRL0z3O0zEEF673OB09hy','student',NULL,1,'iKbeRiPuFF','2020-03-03 00:00:00','2020-06-02 21:57:08',NULL),(287,'merl.harris',NULL,NULL,'merl.harris@hotmail.com','2020-05-11 00:00:00','$2y$10$VUBiF5tZnZqoQHh.UdkQC.dBtgpUpt4lgjIyYBzhNdvwNVUSLSSPO','student',NULL,1,'n2MmJicoaI','2020-05-11 00:00:00','2020-06-02 21:57:08',NULL),(288,'cummerata.vena',NULL,NULL,'cummerata.vena@gmail.com','2020-06-16 00:00:00','$2y$10$xEjy40MPiMucQC0CW9to0.EM4nJ9aXGJtcYP2kcG3BFFLI80bGbjm','student',NULL,1,'sVNap7Pusz','2020-06-16 00:00:00','2020-06-02 21:57:08',NULL),(289,'rollin.frami',NULL,NULL,'rollin.frami@hauck.com','2020-01-13 00:00:00','$2y$10$UaLGHJWGu7CgvUNt0aoQ0elhemWhNPQdF2fCTYQzNro9v0gmSZtoe','student',NULL,1,'XuBIpMykmH','2020-01-13 00:00:00','2020-06-02 21:57:08',NULL),(290,'fkling',NULL,NULL,'fkling@hickle.com','2020-04-30 00:00:00','$2y$10$eov78G9M9VbOdHnhJy0AoeEdjyRnQeVgM6u0d6iyrSnjZGf./K9Ci','student',NULL,1,'Fd41LYgGdw','2020-04-30 00:00:00','2020-06-02 21:57:08',NULL),(291,'jonatan34',NULL,NULL,'jonatan34@fadel.net','2020-06-26 00:00:00','$2y$10$uiJxW6wW/5y54DUCPTWzx.tVRV9QRTYHgc/4fEYsYGlyg8mEDKhya','student',NULL,1,'zz7KpwVpDy','2020-06-26 00:00:00','2020-06-02 21:57:08',NULL),(292,'jarod.smith',NULL,NULL,'jarod.smith@schuster.info','2020-07-03 00:00:00','$2y$10$Ozd64lIO04bpijtUlj.Ka.7aexR9WSBp.JRjezC5CRVnY2JMUy3WO','student',NULL,1,'xefYZs89uY','2020-07-03 00:00:00','2020-06-02 21:57:08',NULL),(293,'mjacobs',NULL,NULL,'mjacobs@gmail.com','2020-02-28 00:00:00','$2y$10$qPmrLDUv2xEra.ZmN/WWeu7MAIuGijtpdv4jjWFVkGaABQWFGzfre','student',NULL,1,'sWmoRTNCiL','2020-02-28 00:00:00','2020-06-02 21:57:08',NULL),(294,'cbechtelar',NULL,NULL,'cbechtelar@hotmail.com','2020-05-17 00:00:00','$2y$10$SKtjgs3wNvzvdK1eUl/jxeQXRMBVXwvDEsWh9u8VEgST0zankJl3u','student',NULL,1,'dpKpqBqaZJ','2020-05-17 00:00:00','2020-06-02 21:57:08',NULL),(295,'nella.greenholt',NULL,NULL,'nella.greenholt@labadie.com','2020-05-21 00:00:00','$2y$10$OuPiZrgba.K.baBJrjs5KOYw3AKUcqEnkiVEcIaTp4M7zaLpyUsTO','student',NULL,1,'PLcaxSWUVN','2020-05-21 00:00:00','2020-06-02 21:57:08',NULL),(296,'rhammes',NULL,NULL,'rhammes@kuvalis.biz','2020-03-05 00:00:00','$2y$10$oFzN8K2VoOy7c65nRt894OcEZdK5uUm42rS1EFmWFz/.kG5tzNhkm','student',NULL,1,'hYjo1NebPx','2020-03-05 00:00:00','2020-06-02 21:57:08',NULL),(297,'tabernathy',NULL,NULL,'tabernathy@hill.info','2020-03-28 00:00:00','$2y$10$CW4zh2gOPYp9PcQ3RrForOeP.8Fm4wRXvCsgHVuSmo26w6sVwK.MO','student',NULL,1,'yjy6tLvE2f','2020-03-28 00:00:00','2020-06-02 21:57:08',NULL),(298,'streich.casandra',NULL,NULL,'streich.casandra@marks.com','2020-07-13 00:00:00','$2y$10$b3AipscylXHA/C7qLs4A6OwOHuMpe3ZiW2lnuEpYDKV0a5Em40qLi','student',NULL,1,'EqE1R9bj37','2020-07-13 00:00:00','2020-06-02 21:57:08',NULL),(299,'augustus40',NULL,NULL,'augustus40@yahoo.com','2020-01-04 00:00:00','$2y$10$FVdzYB0.Uo7lgWLROxLMLuHOhCpKFqpZfGM82maJHgvQtZwbLuKXy','student',NULL,1,'cT1SehpaW2','2020-01-04 00:00:00','2020-06-02 21:57:08',NULL),(300,'ullrich.sydnee',NULL,NULL,'ullrich.sydnee@morar.net','2020-02-09 00:00:00','$2y$10$3QKIDQ.xAlpBpWguQEIVGOxzPYq98YgMNxpy3YN7tsU/D8wpwzDTi','student',NULL,1,'58KjT4HCKT','2020-02-09 00:00:00','2020-06-02 21:57:08',NULL),(301,'kristian.mann',NULL,NULL,'kristian.mann@stracke.com','2020-03-21 00:00:00','$2y$10$baAv70j7uJmZ2ij84tdo5eCTw1r5zhLKmDBV97/UJw6E9VZxCgNxm','student',NULL,1,'yietDiocQS','2020-03-21 00:00:00','2020-06-02 21:57:08',NULL),(302,'nitzsche.rafaela',NULL,NULL,'nitzsche.rafaela@hotmail.com','2020-06-09 00:00:00','$2y$10$5FmuTCGPK1gmNPnbGZ8Ix.7FN06I5wCnDsojyPEJq1pmFvUbvPQMC','student',NULL,1,'Kt8jqTonYE','2020-06-09 00:00:00','2020-06-02 21:57:08',NULL),(303,'emile.cassin',NULL,NULL,'emile.cassin@gmail.com','2020-01-08 00:00:00','$2y$10$R2wCY1i3rn6oZTVSMvNY/O2AYGoMYWDLAhd7P3kdzrGy4o4iSFbSa','student',NULL,1,'mRW7XZBIYP','2020-01-08 00:00:00','2020-06-02 21:57:08',NULL),(304,'BetaTester',NULL,NULL,'huehuehue@gmail',NULL,'$2y$10$2YNoHGSJufnsmcJ8Lkz6DOIdrqrnaaNnJIxGpiU6RVgg9lA2DbqTq','student',NULL,1,NULL,'2020-06-04 06:19:16','2020-06-04 06:19:16',NULL),(305,'Beta2','Beta','Tester','heuheuheu@gmail.com',NULL,'$2y$10$k4hY8XYYvQZljeTgvzkaeOs1LuWvzL1MsGMxkSE882JXw6f.ab7RW','student',NULL,1,NULL,'2020-06-04 06:21:24','2020-06-04 06:22:26',NULL),(306,'test','Test User',NULL,'test@e-learning.com',NULL,'$2y$10$Dzdk0el0T/KciqKrCjWKs.HTpGd1zXvGlEQj/jzYx3hngfk6/dE2u','student',NULL,1,NULL,'2020-06-06 00:26:28','2020-06-06 00:27:01',NULL);
/*!40000 ALTER TABLE `users` ENABLE KEYS */;
UNLOCK TABLES;
/*!40103 SET TIME_ZONE=@OLD_TIME_ZONE */;

/*!40101 SET SQL_MODE=@OLD_SQL_MODE */;
/*!40014 SET FOREIGN_KEY_CHECKS=@OLD_FOREIGN_KEY_CHECKS */;
/*!40014 SET UNIQUE_CHECKS=@OLD_UNIQUE_CHECKS */;
/*!40101 SET CHARACTER_SET_CLIENT=@OLD_CHARACTER_SET_CLIENT */;
/*!40101 SET CHARACTER_SET_RESULTS=@OLD_CHARACTER_SET_RESULTS */;
/*!40101 SET COLLATION_CONNECTION=@OLD_COLLATION_CONNECTION */;
/*!40111 SET SQL_NOTES=@OLD_SQL_NOTES */;

-- Dump completed on 2020-08-15 12:24:34
